#BGC Name	Family Number
AA010_contigs.fa_antismashcontig00001.region002_AA010_contigs.fa_antismash	1
HN034_contigs.fa_antismashcontig00002.region001_HN034_contigs.fa_antismash	1
AS013_contigs.fa_antismashcontig00001.region001_AS013_contigs.fa_antismash	11
AS013_contigs.fa_antismashcontig00002.region001_AS013_contigs.fa_antismash	12
AS013_contigs.fa_antismashcontig00004.region001_AS013_contigs.fa_antismash	13
AS013_contigs.fa_antismashcontig00016.region001_AS013_contigs.fa_antismash	15
AS031_contigs.fa_antismashcontig00004.region001_AS031_contigs.fa_antismash	19
AS083_contigs.fa_antismashcontig00003.region002_AS083_contigs.fa_antismash	29
AS093_contigs.fa_antismashcontig00003.region002_AS093_contigs.fa_antismash	29
AS170_contigs.fa_antismashcontig00004.region002_AS170_contigs.fa_antismash	29
AS222_contigs.fa_antismashcontig00003.region002_AS222_contigs.fa_antismash	29
MMO-102_contigs.fa_antismashcontig00004.region002_MMO-102_contigs.fa_antismash	29
USMM084_contigs.fa_antismashcontig00004.region002_USMM084_contigs.fa_antismash	29
USMM085_contigs.fa_antismashcontig00004.region001_USMM085_contigs.fa_antismash	29
AS085_contigs.fa_antismashcontig00008.region002_AS085_contigs.fa_antismash	37
AS096_contigs.fa_antismashcontig00001.region002_AS096_contigs.fa_antismash	61
AS116_contigs.fa_antismashcontig00001.region001_AS116_contigs.fa_antismash	61
AS031_contigs.fa_antismashcontig00004.region002_AS031_contigs.fa_antismash	74
AS126_contigs.fa_antismashcontig00002.region002_AS126_contigs.fa_antismash	74
AS129_contigs.fa_antismashcontig00004.region001_AS129_contigs.fa_antismash	80
HN003_contigs.fa_antismashcontig00004.region001_HN003_contigs.fa_antismash	80
AS139_contigs.fa_antismashcontig00008.region002_AS139_contigs.fa_antismash	89
AS142_contigs.fa_antismashcontig00015.region002_AS142_contigs.fa_antismash	98
AS167_contigs.fa_antismashcontig00002.region001_AS167_contigs.fa_antismash	99
HN105_contigs.fa_antismashcontig00012.region001_HN105_contigs.fa_antismash	99
AS167_contigs.fa_antismashcontig00021.region001_AS167_contigs.fa_antismash	100
AS083_contigs.fa_antismashcontig00003.region001_AS083_contigs.fa_antismash	106
AS093_contigs.fa_antismashcontig00003.region001_AS093_contigs.fa_antismash	106
AS170_contigs.fa_antismashcontig00004.region001_AS170_contigs.fa_antismash	106
AS214_contigs.fa_antismashcontig00002.region001_AS214_contigs.fa_antismash	106
AS222_contigs.fa_antismashcontig00003.region003_AS222_contigs.fa_antismash	106
HN039_contigs.fa_antismashcontig00003.region003_HN039_contigs.fa_antismash	106
HN117_contigs.fa_antismashcontig00004.region001_HN117_contigs.fa_antismash	106
HN118_contigs.fa_antismashcontig00004.region001_HN118_contigs.fa_antismash	106
HN119_contigs.fa_antismashcontig00005.region001_HN119_contigs.fa_antismash	106
HN166_contigs.fa_antismashcontig00002.region002_HN166_contigs.fa_antismash	106
HN173_contigs.fa_antismashcontig00006.region002_HN173_contigs.fa_antismash	106
MMO-102_contigs.fa_antismashcontig00004.region001_MMO-102_contigs.fa_antismash	106
USHLN04_contigs.fa_antismashcontig00005.region001_USHLN04_contigs.fa_antismash	106
USHLN08_contigs.fa_antismashcontig00004.region001_USHLN08_contigs.fa_antismash	106
USMM084_contigs.fa_antismashcontig00004.region001_USMM084_contigs.fa_antismash	106
USMM085_contigs.fa_antismashcontig00004.region002_USMM085_contigs.fa_antismash	106
AS212_contigs.fa_antismashcontig00002.region001_AS212_contigs.fa_antismash	122
USHLN262_contigs.fa_antismashcontig00001.region001_USHLN262_contigs.fa_antismash	122
USHLN270_contigs.fa_antismashcontig00001.region001_USHLN270_contigs.fa_antismash	122
USHLN271_contigs.fa_antismashcontig00001.region001_USHLN271_contigs.fa_antismash	122
USHLN291_contigs.fa_antismashcontig00001.region001_USHLN291_contigs.fa_antismash	122
USHLN296_contigs.fa_antismashcontig00001.region001_USHLN296_contigs.fa_antismash	122
AS218_contigs.fa_antismashcontig00003.region001_AS218_contigs.fa_antismash	140
AS224_contigs.fa_antismashcontig00003.region002_AS224_contigs.fa_antismash	157
AS230_contigs.fa_antismashcontig00008.region001_AS230_contigs.fa_antismash	163
AS234_contigs.fa_antismashcontig00001.region001_AS234_contigs.fa_antismash	166
AS096_contigs.fa_antismashcontig00001.region001_AS096_contigs.fa_antismash	447
AS116_contigs.fa_antismashcontig00001.region002_AS116_contigs.fa_antismash	447
BGC0000295	447
HN020_contigs.fa_antismashcontig00006.region001_HN020_contigs.fa_antismash	447
HN047_contigs.fa_antismashcontig00002.region001_HN047_contigs.fa_antismash	447
HN068_contigs.fa_antismashcontig00009.region001_HN068_contigs.fa_antismash	447
HN105_contigs.fa_antismashcontig00010.region001_HN105_contigs.fa_antismash	447
HN123_contigs.fa_antismashcontig00001.region001_HN123_contigs.fa_antismash	447
HN126_contigs.fa_antismashcontig00001.region001_HN126_contigs.fa_antismash	447
HN127_contigs.fa_antismashcontig00001.region001_HN127_contigs.fa_antismash	447
HN132_contigs.fa_antismashcontig00001.region001_HN132_contigs.fa_antismash	447
USHLN143_contigs.fa_antismashcontig00076.region001_USHLN143_contigs.fa_antismash	447
BGC0001572	1628
HN019_contigs.fa_antismashcontig00003.region002_HN019_contigs.fa_antismash	1628
USHLN010_contigs.fa_antismashcontig00005.region001_USHLN010_contigs.fa_antismash	1628
USHLN148_contigs.fa_antismashcontig00004.region002_USHLN148_contigs.fa_antismash	1628
USHLN165_contigs.fa_antismashcontig00005.region001_USHLN165_contigs.fa_antismash	1628
USHLN298_contigs.fa_antismashcontig00005.region001_USHLN298_contigs.fa_antismash	1628
USMM080_contigs.fa_antismashcontig00004.region001_USMM080_contigs.fa_antismash	1628
USMM081_contigs.fa_antismashcontig00004.region001_USMM081_contigs.fa_antismash	1628
USMM101_contigs.fa_antismashcontig00004.region002_USMM101_contigs.fa_antismash	1628
CR11_contigs.fa_antismashcontig00002.region002_CR11_contigs.fa_antismash	2668
CR41_contigs.fa_antismashcontig00008.region001_CR41_contigs.fa_antismash	2676
CR42_contigs.fa_antismashcontig00010.region001_CR42_contigs.fa_antismash	2676
MMO-31_contigs.fa_antismashcontig00010.region001_MMO-31_contigs.fa_antismash	2676
USHLN226_contigs.fa_antismashcontig00016.region001_USHLN226_contigs.fa_antismash	2676
AS085_contigs.fa_antismashcontig00002.region001_AS085_contigs.fa_antismash	2680
AS129_contigs.fa_antismashcontig00002.region001_AS129_contigs.fa_antismash	2680
AS139_contigs.fa_antismashcontig00002.region001_AS139_contigs.fa_antismash	2680
AS142_contigs.fa_antismashcontig00003.region002_AS142_contigs.fa_antismash	2680
HN003_contigs.fa_antismashcontig00001.region002_HN003_contigs.fa_antismash	2680
HN022_contigs.fa_antismashcontig00003.region001_HN022_contigs.fa_antismash	2680
AS139_contigs.fa_antismashcontig00005.region002_AS139_contigs.fa_antismash	2681
AS142_contigs.fa_antismashcontig00001.region002_AS142_contigs.fa_antismash	2681
HN003_contigs.fa_antismashcontig00003.region001_HN003_contigs.fa_antismash	2681
HN022_contigs.fa_antismashcontig00001.region003_HN022_contigs.fa_antismash	2681
USMM130_contigs.fa_antismashcontig00006.region002_USMM130_contigs.fa_antismash	2681
AS085_contigs.fa_antismashcontig00001.region002_AS085_contigs.fa_antismash	2682
AS129_contigs.fa_antismashcontig00001.region002_AS129_contigs.fa_antismash	2682
AS139_contigs.fa_antismashcontig00005.region003_AS139_contigs.fa_antismash	2682
AS142_contigs.fa_antismashcontig00001.region003_AS142_contigs.fa_antismash	2682
HN003_contigs.fa_antismashcontig00003.region002_HN003_contigs.fa_antismash	2682
HN019_contigs.fa_antismashcontig00001.region002_HN019_contigs.fa_antismash	2682
HN022_contigs.fa_antismashcontig00001.region002_HN022_contigs.fa_antismash	2682
USHLN148_contigs.fa_antismashcontig00002.region001_USHLN148_contigs.fa_antismash	2682
USHLN165_contigs.fa_antismashcontig00001.region002_USHLN165_contigs.fa_antismash	2682
USMM080_contigs.fa_antismashcontig00001.region002_USMM080_contigs.fa_antismash	2682
USMM081_contigs.fa_antismashcontig00001.region002_USMM081_contigs.fa_antismash	2682
USMM101_contigs.fa_antismashcontig00002.region002_USMM101_contigs.fa_antismash	2682
HN003_contigs.fa_antismashcontig00012.region001_HN003_contigs.fa_antismash	2687
HN020_contigs.fa_antismashcontig00002.region001_HN020_contigs.fa_antismash	2704
HN020_contigs.fa_antismashcontig00008.region001_HN020_contigs.fa_antismash	2706
HN022_contigs.fa_antismashcontig00002.region001_HN022_contigs.fa_antismash	2713
AA010_contigs.fa_antismashcontig00004.region001_AA010_contigs.fa_antismash	2742
HN034_contigs.fa_antismashcontig00004.region001_HN034_contigs.fa_antismash	2742
HN041_contigs.fa_antismashcontig00004.region001_HN041_contigs.fa_antismash	2742
HN059_contigs.fa_antismashcontig00005.region001_HN059_contigs.fa_antismash	2742
HN047_contigs.fa_antismashcontig00004.region001_HN047_contigs.fa_antismash	2745
HN132_contigs.fa_antismashcontig00006.region001_HN132_contigs.fa_antismash	2745
HN047_contigs.fa_antismashcontig00009.region001_HN047_contigs.fa_antismash	2747
HN132_contigs.fa_antismashcontig00008.region001_HN132_contigs.fa_antismash	2747
HN041_contigs.fa_antismashcontig00002.region001_HN041_contigs.fa_antismash	2779
HN059_contigs.fa_antismashcontig00001.region001_HN059_contigs.fa_antismash	2779
HN067_contigs.fa_antismashcontig00005.region001_HN067_contigs.fa_antismash	2779
HN071_contigs.fa_antismashcontig00005.region001_HN071_contigs.fa_antismash	2779
HN093_contigs.fa_antismashcontig00005.region001_HN093_contigs.fa_antismash	2779
HN099_contigs.fa_antismashcontig00004.region001_HN099_contigs.fa_antismash	2779
MMO-130_contigs.fa_antismashcontig00004.region001_MMO-130_contigs.fa_antismash	2779
MMO-131_contigs.fa_antismashcontig00004.region001_MMO-131_contigs.fa_antismash	2779
MMO-163_contigs.fa_antismashcontig00004.region001_MMO-163_contigs.fa_antismash	2779
AA010_contigs.fa_antismashcontig00003.region001_AA010_contigs.fa_antismash	2783
HN034_contigs.fa_antismashcontig00001.region001_HN034_contigs.fa_antismash	2783
HN041_contigs.fa_antismashcontig00001.region002_HN041_contigs.fa_antismash	2783
HN059_contigs.fa_antismashcontig00003.region002_HN059_contigs.fa_antismash	2783
HN067_contigs.fa_antismashcontig00010.region001_HN067_contigs.fa_antismash	2783
HN071_contigs.fa_antismashcontig00010.region001_HN071_contigs.fa_antismash	2783
HN093_contigs.fa_antismashcontig00009.region001_HN093_contigs.fa_antismash	2783
HN099_contigs.fa_antismashcontig00011.region001_HN099_contigs.fa_antismash	2783
M51_contigs.fa_antismashcontig00002.region001_M51_contigs.fa_antismash	2783
MMO-128_contigs.fa_antismashcontig00002.region002_MMO-128_contigs.fa_antismash	2783
MMO-130_contigs.fa_antismashcontig00011.region001_MMO-130_contigs.fa_antismash	2783
MMO-131_contigs.fa_antismashcontig00011.region001_MMO-131_contigs.fa_antismash	2783
MMO-143_contigs.fa_antismashcontig00002.region002_MMO-143_contigs.fa_antismash	2783
MMO-163_contigs.fa_antismashcontig00011.region001_MMO-163_contigs.fa_antismash	2783
VD14_contigs.fa_antismashcontig00002.region001_VD14_contigs.fa_antismash	2783
HN069_contigs.fa_antismashcontig00001.region001_HN069_contigs.fa_antismash	2806
HN073_contigs.fa_antismashcontig00001.region001_HN073_contigs.fa_antismash	2806
HN087_contigs.fa_antismashcontig00001.region001_HN087_contigs.fa_antismash	2806
HN091_contigs.fa_antismashcontig00001.region001_HN091_contigs.fa_antismash	2806
HN120_contigs.fa_antismashcontig00001.region002_HN120_contigs.fa_antismash	2806
HN124_contigs.fa_antismashcontig00001.region001_HN124_contigs.fa_antismash	2806
HN125_contigs.fa_antismashcontig00001.region002_HN125_contigs.fa_antismash	2806
MMO-110_contigs.fa_antismashcontig00001.region001_MMO-110_contigs.fa_antismash	2806
MMO-116_contigs.fa_antismashcontig00001.region001_MMO-116_contigs.fa_antismash	2806
MMO-119_contigs.fa_antismashcontig00001.region001_MMO-119_contigs.fa_antismash	2806
MMO-122_contigs.fa_antismashcontig00001.region001_MMO-122_contigs.fa_antismash	2806
MMO-37_contigs.fa_antismashcontig00004.region001_MMO-37_contigs.fa_antismash	2806
MMO-38_contigs.fa_antismashcontig00004.region001_MMO-38_contigs.fa_antismash	2806
USHLN177_contigs.fa_antismashcontig00003.region001_USHLN177_contigs.fa_antismash	2806
USHLN179_contigs.fa_antismashcontig00003.region001_USHLN179_contigs.fa_antismash	2806
USHLN184_contigs.fa_antismashcontig00002.region001_USHLN184_contigs.fa_antismash	2806
USMM051_contigs.fa_antismashcontig00004.region001_USMM051_contigs.fa_antismash	2806
USMM053_contigs.fa_antismashcontig00004.region001_USMM053_contigs.fa_antismash	2806
USMM054_contigs.fa_antismashcontig00004.region001_USMM054_contigs.fa_antismash	2806
USMM055_contigs.fa_antismashcontig00004.region001_USMM055_contigs.fa_antismash	2806
USMM058_contigs.fa_antismashcontig00004.region001_USMM058_contigs.fa_antismash	2806
USMM059_contigs.fa_antismashcontig00004.region001_USMM059_contigs.fa_antismash	2806
USMM061_contigs.fa_antismashcontig00004.region001_USMM061_contigs.fa_antismash	2806
USMM062_contigs.fa_antismashcontig00003.region001_USMM062_contigs.fa_antismash	2806
USMM063_contigs.fa_antismashcontig00004.region001_USMM063_contigs.fa_antismash	2806
USMM064_contigs.fa_antismashcontig00004.region001_USMM064_contigs.fa_antismash	2806
USMM072_contigs.fa_antismashcontig00004.region001_USMM072_contigs.fa_antismash	2806
HN069_contigs.fa_antismashcontig00009.region001_HN069_contigs.fa_antismash	2809
HN073_contigs.fa_antismashcontig00008.region001_HN073_contigs.fa_antismash	2809
HN087_contigs.fa_antismashcontig00007.region001_HN087_contigs.fa_antismash	2809
HN091_contigs.fa_antismashcontig00007.region001_HN091_contigs.fa_antismash	2809
HN120_contigs.fa_antismashcontig00001.region001_HN120_contigs.fa_antismash	2809
HN124_contigs.fa_antismashcontig00001.region002_HN124_contigs.fa_antismash	2809
HN125_contigs.fa_antismashcontig00001.region001_HN125_contigs.fa_antismash	2809
MMO-110_contigs.fa_antismashcontig00008.region001_MMO-110_contigs.fa_antismash	2809
MMO-116_contigs.fa_antismashcontig00007.region001_MMO-116_contigs.fa_antismash	2809
MMO-119_contigs.fa_antismashcontig00008.region001_MMO-119_contigs.fa_antismash	2809
MMO-122_contigs.fa_antismashcontig00009.region001_MMO-122_contigs.fa_antismash	2809
MMO-37_contigs.fa_antismashcontig00008.region001_MMO-37_contigs.fa_antismash	2809
MMO-38_contigs.fa_antismashcontig00009.region001_MMO-38_contigs.fa_antismash	2809
USHLN177_contigs.fa_antismashcontig00001.region001_USHLN177_contigs.fa_antismash	2809
USHLN179_contigs.fa_antismashcontig00001.region001_USHLN179_contigs.fa_antismash	2809
USHLN184_contigs.fa_antismashcontig00001.region001_USHLN184_contigs.fa_antismash	2809
USMM051_contigs.fa_antismashcontig00002.region001_USMM051_contigs.fa_antismash	2809
USMM053_contigs.fa_antismashcontig00002.region001_USMM053_contigs.fa_antismash	2809
USMM054_contigs.fa_antismashcontig00002.region001_USMM054_contigs.fa_antismash	2809
USMM055_contigs.fa_antismashcontig00002.region001_USMM055_contigs.fa_antismash	2809
USMM058_contigs.fa_antismashcontig00002.region001_USMM058_contigs.fa_antismash	2809
USMM059_contigs.fa_antismashcontig00002.region001_USMM059_contigs.fa_antismash	2809
USMM061_contigs.fa_antismashcontig00002.region001_USMM061_contigs.fa_antismash	2809
USMM062_contigs.fa_antismashcontig00002.region001_USMM062_contigs.fa_antismash	2809
USMM063_contigs.fa_antismashcontig00002.region001_USMM063_contigs.fa_antismash	2809
USMM064_contigs.fa_antismashcontig00002.region001_USMM064_contigs.fa_antismash	2809
USMM072_contigs.fa_antismashcontig00002.region001_USMM072_contigs.fa_antismash	2809
AS124_contigs.fa_antismashcontig00010.region001_AS124_contigs.fa_antismash	2810
HN007_contigs.fa_antismashcontig00010.region001_HN007_contigs.fa_antismash	2810
HN049_contigs.fa_antismashcontig00010.region001_HN049_contigs.fa_antismash	2810
HN065_contigs.fa_antismashcontig00010.region001_HN065_contigs.fa_antismash	2810
HN069_contigs.fa_antismashcontig00011.region001_HN069_contigs.fa_antismash	2810
HN073_contigs.fa_antismashcontig00010.region001_HN073_contigs.fa_antismash	2810
HN087_contigs.fa_antismashcontig00009.region001_HN087_contigs.fa_antismash	2810
HN091_contigs.fa_antismashcontig00009.region001_HN091_contigs.fa_antismash	2810
HN100_contigs.fa_antismashcontig00009.region001_HN100_contigs.fa_antismash	2810
HN109_contigs.fa_antismashcontig00011.region001_HN109_contigs.fa_antismash	2810
HN110_contigs.fa_antismashcontig00010.region001_HN110_contigs.fa_antismash	2810
HN120_contigs.fa_antismashcontig00006.region001_HN120_contigs.fa_antismash	2810
HN124_contigs.fa_antismashcontig00006.region001_HN124_contigs.fa_antismash	2810
HN125_contigs.fa_antismashcontig00007.region001_HN125_contigs.fa_antismash	2810
HN176_contigs.fa_antismashcontig00010.region001_HN176_contigs.fa_antismash	2810
MMO-110_contigs.fa_antismashcontig00010.region001_MMO-110_contigs.fa_antismash	2810
MMO-116_contigs.fa_antismashcontig00010.region001_MMO-116_contigs.fa_antismash	2810
MMO-119_contigs.fa_antismashcontig00010.region001_MMO-119_contigs.fa_antismash	2810
MMO-120_contigs.fa_antismashcontig00011.region001_MMO-120_contigs.fa_antismash	2810
MMO-122_contigs.fa_antismashcontig00011.region001_MMO-122_contigs.fa_antismash	2810
MMO-126_contigs.fa_antismashcontig00010.region001_MMO-126_contigs.fa_antismash	2810
MMO-37_contigs.fa_antismashcontig00010.region001_MMO-37_contigs.fa_antismash	2810
MMO-38_contigs.fa_antismashcontig00011.region001_MMO-38_contigs.fa_antismash	2810
MMO-43_contigs.fa_antismashcontig00010.region001_MMO-43_contigs.fa_antismash	2810
MMO-45_contigs.fa_antismashcontig00010.region001_MMO-45_contigs.fa_antismash	2810
MMO-83_contigs.fa_antismashcontig00010.region001_MMO-83_contigs.fa_antismash	2810
MMO-84_contigs.fa_antismashcontig00010.region001_MMO-84_contigs.fa_antismash	2810
MMO-88_contigs.fa_antismashcontig00011.region001_MMO-88_contigs.fa_antismash	2810
MMO-89_contigs.fa_antismashcontig00011.region001_MMO-89_contigs.fa_antismash	2810
MMO-90_contigs.fa_antismashcontig00010.region001_MMO-90_contigs.fa_antismash	2810
MMO-94_contigs.fa_antismashcontig00011.region001_MMO-94_contigs.fa_antismash	2810
USHLN157_contigs.fa_antismashcontig00019.region001_USHLN157_contigs.fa_antismash	2810
USHLN167_contigs.fa_antismashcontig00014.region001_USHLN167_contigs.fa_antismash	2810
USHLN16_contigs.fa_antismashcontig00018.region001_USHLN16_contigs.fa_antismash	2810
USHLN177_contigs.fa_antismashcontig00007.region001_USHLN177_contigs.fa_antismash	2810
USHLN179_contigs.fa_antismashcontig00007.region001_USHLN179_contigs.fa_antismash	2810
USHLN184_contigs.fa_antismashcontig00006.region001_USHLN184_contigs.fa_antismash	2810
USMM051_contigs.fa_antismashcontig00009.region001_USMM051_contigs.fa_antismash	2810
USMM053_contigs.fa_antismashcontig00009.region001_USMM053_contigs.fa_antismash	2810
USMM054_contigs.fa_antismashcontig00009.region001_USMM054_contigs.fa_antismash	2810
USMM055_contigs.fa_antismashcontig00009.region001_USMM055_contigs.fa_antismash	2810
USMM058_contigs.fa_antismashcontig00009.region001_USMM058_contigs.fa_antismash	2810
USMM059_contigs.fa_antismashcontig00009.region001_USMM059_contigs.fa_antismash	2810
USMM061_contigs.fa_antismashcontig00010.region001_USMM061_contigs.fa_antismash	2810
USMM062_contigs.fa_antismashcontig00010.region001_USMM062_contigs.fa_antismash	2810
USMM063_contigs.fa_antismashcontig00009.region001_USMM063_contigs.fa_antismash	2810
USMM064_contigs.fa_antismashcontig00011.region001_USMM064_contigs.fa_antismash	2810
USMM072_contigs.fa_antismashcontig00009.region001_USMM072_contigs.fa_antismash	2810
VD12_contigs.fa_antismashcontig00064.region001_VD12_contigs.fa_antismash	2810
VD5_contigs.fa_antismashcontig00012.region001_VD5_contigs.fa_antismash	2810
AA010_contigs.fa_antismashcontig00007.region001_AA010_contigs.fa_antismash	2812
HN034_contigs.fa_antismashcontig00007.region001_HN034_contigs.fa_antismash	2812
HN041_contigs.fa_antismashcontig00006.region001_HN041_contigs.fa_antismash	2812
HN059_contigs.fa_antismashcontig00008.region001_HN059_contigs.fa_antismash	2812
HN067_contigs.fa_antismashcontig00008.region002_HN067_contigs.fa_antismash	2812
HN071_contigs.fa_antismashcontig00008.region002_HN071_contigs.fa_antismash	2812
HN093_contigs.fa_antismashcontig00007.region001_HN093_contigs.fa_antismash	2812
HN099_contigs.fa_antismashcontig00009.region001_HN099_contigs.fa_antismash	2812
MMO-130_contigs.fa_antismashcontig00009.region001_MMO-130_contigs.fa_antismash	2812
MMO-131_contigs.fa_antismashcontig00009.region001_MMO-131_contigs.fa_antismash	2812
MMO-163_contigs.fa_antismashcontig00010.region002_MMO-163_contigs.fa_antismash	2812
HN067_contigs.fa_antismashcontig00008.region001_HN067_contigs.fa_antismash	2813
HN071_contigs.fa_antismashcontig00008.region001_HN071_contigs.fa_antismash	2813
HN093_contigs.fa_antismashcontig00007.region002_HN093_contigs.fa_antismash	2813
HN099_contigs.fa_antismashcontig00009.region002_HN099_contigs.fa_antismash	2813
M51_contigs.fa_antismashcontig00010.region001_M51_contigs.fa_antismash	2813
MMO-128_contigs.fa_antismashcontig00007.region001_MMO-128_contigs.fa_antismash	2813
MMO-130_contigs.fa_antismashcontig00009.region002_MMO-130_contigs.fa_antismash	2813
MMO-131_contigs.fa_antismashcontig00009.region002_MMO-131_contigs.fa_antismash	2813
MMO-143_contigs.fa_antismashcontig00007.region001_MMO-143_contigs.fa_antismash	2813
MMO-163_contigs.fa_antismashcontig00010.region001_MMO-163_contigs.fa_antismash	2813
VD14_contigs.fa_antismashcontig00010.region001_VD14_contigs.fa_antismash	2813
AA010_contigs.fa_antismashcontig00006.region001_AA010_contigs.fa_antismash	2815
AS013_contigs.fa_antismashcontig00015.region001_AS013_contigs.fa_antismash	2815
HN020_contigs.fa_antismashcontig00015.region001_HN020_contigs.fa_antismash	2815
HN034_contigs.fa_antismashcontig00006.region001_HN034_contigs.fa_antismash	2815
HN041_contigs.fa_antismashcontig00001.region003_HN041_contigs.fa_antismash	2815
HN059_contigs.fa_antismashcontig00007.region001_HN059_contigs.fa_antismash	2815
HN067_contigs.fa_antismashcontig00007.region001_HN067_contigs.fa_antismash	2815
HN071_contigs.fa_antismashcontig00007.region001_HN071_contigs.fa_antismash	2815
HN093_contigs.fa_antismashcontig00011.region001_HN093_contigs.fa_antismash	2815
HN099_contigs.fa_antismashcontig00012.region001_HN099_contigs.fa_antismash	2815
HN132_contigs.fa_antismashcontig00003.region001_HN132_contigs.fa_antismash	2815
M51_contigs.fa_antismashcontig00009.region001_M51_contigs.fa_antismash	2815
MMO-128_contigs.fa_antismashcontig00008.region001_MMO-128_contigs.fa_antismash	2815
MMO-130_contigs.fa_antismashcontig00012.region001_MMO-130_contigs.fa_antismash	2815
MMO-131_contigs.fa_antismashcontig00012.region001_MMO-131_contigs.fa_antismash	2815
MMO-143_contigs.fa_antismashcontig00008.region001_MMO-143_contigs.fa_antismash	2815
MMO-163_contigs.fa_antismashcontig00012.region001_MMO-163_contigs.fa_antismash	2815
VD14_contigs.fa_antismashcontig00008.region001_VD14_contigs.fa_antismash	2815
HN117_contigs.fa_antismashcontig00006.region001_HN117_contigs.fa_antismash	2847
HN118_contigs.fa_antismashcontig00007.region001_HN118_contigs.fa_antismash	2847
HN119_contigs.fa_antismashcontig00003.region002_HN119_contigs.fa_antismash	2847
MMO-102_contigs.fa_antismashcontig00005.region001_MMO-102_contigs.fa_antismash	2847
USHLN04_contigs.fa_antismashcontig00004.region002_USHLN04_contigs.fa_antismash	2847
USHLN08_contigs.fa_antismashcontig00012.region001_USHLN08_contigs.fa_antismash	2847
USMM084_contigs.fa_antismashcontig00015.region001_USMM084_contigs.fa_antismash	2847
USMM085_contigs.fa_antismashcontig00015.region001_USMM085_contigs.fa_antismash	2847
HN117_contigs.fa_antismashcontig00009.region001_HN117_contigs.fa_antismash	2870
HN118_contigs.fa_antismashcontig00010.region001_HN118_contigs.fa_antismash	2870
HN119_contigs.fa_antismashcontig00009.region001_HN119_contigs.fa_antismash	2870
USHLN04_contigs.fa_antismashcontig00009.region001_USHLN04_contigs.fa_antismash	2870
HN121_contigs.fa_antismashcontig00004.region002_HN121_contigs.fa_antismash	2882
HN122_contigs.fa_antismashcontig00004.region002_HN122_contigs.fa_antismash	2882
AS096_contigs.fa_antismashcontig00006.region001_AS096_contigs.fa_antismash	2909
AS116_contigs.fa_antismashcontig00007.region001_AS116_contigs.fa_antismash	2909
HN047_contigs.fa_antismashcontig00008.region001_HN047_contigs.fa_antismash	2909
HN068_contigs.fa_antismashcontig00001.region001_HN068_contigs.fa_antismash	2909
HN123_contigs.fa_antismashcontig00002.region001_HN123_contigs.fa_antismash	2909
HN126_contigs.fa_antismashcontig00002.region001_HN126_contigs.fa_antismash	2909
HN127_contigs.fa_antismashcontig00002.region001_HN127_contigs.fa_antismash	2909
HN068_contigs.fa_antismashcontig00004.region001_HN068_contigs.fa_antismash	2910
HN123_contigs.fa_antismashcontig00006.region001_HN123_contigs.fa_antismash	2910
HN126_contigs.fa_antismashcontig00005.region001_HN126_contigs.fa_antismash	2910
HN127_contigs.fa_antismashcontig00004.region001_HN127_contigs.fa_antismash	2910
HN151_contigs.fa_antismashcontig00006.region002_HN151_contigs.fa_antismash	2926
HN157_contigs.fa_antismashcontig00006.region002_HN157_contigs.fa_antismash	2926
HN173_contigs.fa_antismashcontig00006.region001_HN173_contigs.fa_antismash	2926
AS011_contigs.fa_antismashcontig00007.region001_AS011_contigs.fa_antismash	2937
AS091_contigs.fa_antismashcontig00008.region001_AS091_contigs.fa_antismash	2937
AS183_contigs.fa_antismashcontig00005.region001_AS183_contigs.fa_antismash	2937
AS209_contigs.fa_antismashcontig00002.region001_AS209_contigs.fa_antismash	2937
AS230_contigs.fa_antismashcontig00004.region001_AS230_contigs.fa_antismash	2937
HN151_contigs.fa_antismashcontig00010.region001_HN151_contigs.fa_antismash	2937
HN157_contigs.fa_antismashcontig00011.region001_HN157_contigs.fa_antismash	2937
HN173_contigs.fa_antismashcontig00007.region001_HN173_contigs.fa_antismash	2937
HN162_contigs.fa_antismashcontig00005.region001_HN162_contigs.fa_antismash	2941
HN166_contigs.fa_antismashcontig00001.region001_HN166_contigs.fa_antismash	2942
HN166_contigs.fa_antismashcontig00008.region001_HN166_contigs.fa_antismash	2947
HN151_contigs.fa_antismashcontig00005.region001_HN151_contigs.fa_antismash	2954
HN157_contigs.fa_antismashcontig00002.region001_HN157_contigs.fa_antismash	2954
HN173_contigs.fa_antismashcontig00005.region001_HN173_contigs.fa_antismash	2954
LB11_contigs.fa_antismashcontig00022.region001_LB11_contigs.fa_antismash	2975
LB26_contigs.fa_antismashcontig00010.region001_LB26_contigs.fa_antismash	2975
USMM049_contigs.fa_antismashcontig00011.region001_USMM049_contigs.fa_antismash	2975
USMM050_contigs.fa_antismashcontig00012.region001_USMM050_contigs.fa_antismash	2975
USMM056_contigs.fa_antismashcontig00018.region001_USMM056_contigs.fa_antismash	2975
USMM057_contigs.fa_antismashcontig00012.region001_USMM057_contigs.fa_antismash	2975
LB12_contigs.fa_antismashcontig00011.region001_LB12_contigs.fa_antismash	2976
LB14_contigs.fa_antismashcontig00356.region001_LB14_contigs.fa_antismash	2992
M50_contigs.fa_antismashcontig00002.region001_M50_contigs.fa_antismash	3001
AA010_contigs.fa_antismashcontig00001.region003_AA010_contigs.fa_antismash	3007
HN034_contigs.fa_antismashcontig00001.region002_HN034_contigs.fa_antismash	3007
HN041_contigs.fa_antismashcontig00001.region001_HN041_contigs.fa_antismash	3007
HN059_contigs.fa_antismashcontig00003.region001_HN059_contigs.fa_antismash	3007
M51_contigs.fa_antismashcontig00007.region001_M51_contigs.fa_antismash	3007
MMO-128_contigs.fa_antismashcontig00002.region001_MMO-128_contigs.fa_antismash	3007
MMO-143_contigs.fa_antismashcontig00002.region001_MMO-143_contigs.fa_antismash	3007
VD14_contigs.fa_antismashcontig00003.region001_VD14_contigs.fa_antismash	3007
LB15_contigs.fa_antismashcontig00037.region001_LB15_contigs.fa_antismash	3034
MMO-105_contigs.fa_antismashcontig00003.region001_MMO-105_contigs.fa_antismash	3034
MMO-16_contigs.fa_antismashcontig00003.region001_MMO-16_contigs.fa_antismash	3034
MMO-21_contigs.fa_antismashcontig00003.region001_MMO-21_contigs.fa_antismash	3034
USMM094_contigs.fa_antismashcontig00004.region001_USMM094_contigs.fa_antismash	3034
USMM095_contigs.fa_antismashcontig00004.region001_USMM095_contigs.fa_antismash	3034
USMM096_contigs.fa_antismashcontig00003.region001_USMM096_contigs.fa_antismash	3034
USMM097_contigs.fa_antismashcontig00004.region001_USMM097_contigs.fa_antismash	3034
MMO-108_contigs.fa_antismashcontig00001.region001_MMO-108_contigs.fa_antismash	3036
MMO-108_contigs.fa_antismashcontig00016.region001_MMO-108_contigs.fa_antismash	3040
MMO-109_contigs.fa_antismashcontig00009.region001_MMO-109_contigs.fa_antismash	3048
MMO-42_contigs.fa_antismashcontig00003.region001_MMO-42_contigs.fa_antismash	3048
MMO-109_contigs.fa_antismashcontig00011.region001_MMO-109_contigs.fa_antismash	3049
MMO-42_contigs.fa_antismashcontig00008.region001_MMO-42_contigs.fa_antismash	3049
MMO-113_contigs.fa_antismashcontig00001.region001_MMO-113_contigs.fa_antismash	3059
MMO-114_contigs.fa_antismashcontig00001.region002_MMO-114_contigs.fa_antismash	3062
MMO-114_contigs.fa_antismashcontig00003.region002_MMO-114_contigs.fa_antismash	3065
MMO-104_contigs.fa_antismashcontig00002.region001_MMO-104_contigs.fa_antismash	3096
MMO-123_contigs.fa_antismashcontig00002.region001_MMO-123_contigs.fa_antismash	3096
MMO-124_contigs.fa_antismashcontig00002.region001_MMO-124_contigs.fa_antismash	3096
MMO-144_contigs.fa_antismashcontig00002.region001_MMO-144_contigs.fa_antismash	3096
MMO-82_contigs.fa_antismashcontig00003.region001_MMO-82_contigs.fa_antismash	3096
BGC0002464	3097
MMO-104_contigs.fa_antismashcontig00003.region001_MMO-104_contigs.fa_antismash	3097
MMO-123_contigs.fa_antismashcontig00003.region001_MMO-123_contigs.fa_antismash	3097
MMO-124_contigs.fa_antismashcontig00003.region001_MMO-124_contigs.fa_antismash	3097
MMO-144_contigs.fa_antismashcontig00003.region001_MMO-144_contigs.fa_antismash	3097
MMO-82_contigs.fa_antismashcontig00002.region001_MMO-82_contigs.fa_antismash	3097
MMO-104_contigs.fa_antismashcontig00006.region001_MMO-104_contigs.fa_antismash	3099
MMO-123_contigs.fa_antismashcontig00006.region001_MMO-123_contigs.fa_antismash	3099
MMO-124_contigs.fa_antismashcontig00006.region001_MMO-124_contigs.fa_antismash	3099
MMO-144_contigs.fa_antismashcontig00007.region001_MMO-144_contigs.fa_antismash	3099
MMO-82_contigs.fa_antismashcontig00006.region001_MMO-82_contigs.fa_antismash	3099
MMO-104_contigs.fa_antismashcontig00009.region001_MMO-104_contigs.fa_antismash	3100
MMO-123_contigs.fa_antismashcontig00009.region001_MMO-123_contigs.fa_antismash	3100
MMO-124_contigs.fa_antismashcontig00007.region001_MMO-124_contigs.fa_antismash	3100
MMO-144_contigs.fa_antismashcontig00011.region001_MMO-144_contigs.fa_antismash	3100
MMO-82_contigs.fa_antismashcontig00007.region001_MMO-82_contigs.fa_antismash	3100
MMO-104_contigs.fa_antismashcontig00009.region002_MMO-104_contigs.fa_antismash	3101
MMO-123_contigs.fa_antismashcontig00009.region002_MMO-123_contigs.fa_antismash	3101
MMO-124_contigs.fa_antismashcontig00007.region002_MMO-124_contigs.fa_antismash	3101
MMO-144_contigs.fa_antismashcontig00010.region001_MMO-144_contigs.fa_antismash	3101
MMO-82_contigs.fa_antismashcontig00007.region002_MMO-82_contigs.fa_antismash	3101
MMO-104_contigs.fa_antismashcontig00001.region001_MMO-104_contigs.fa_antismash	3102
MMO-123_contigs.fa_antismashcontig00001.region001_MMO-123_contigs.fa_antismash	3102
MMO-124_contigs.fa_antismashcontig00001.region001_MMO-124_contigs.fa_antismash	3102
MMO-144_contigs.fa_antismashcontig00001.region001_MMO-144_contigs.fa_antismash	3102
MMO-82_contigs.fa_antismashcontig00001.region003_MMO-82_contigs.fa_antismash	3102
M51_contigs.fa_antismashcontig00017.region001_M51_contigs.fa_antismash	3123
MMO-128_contigs.fa_antismashcontig00001.region001_MMO-128_contigs.fa_antismash	3123
MMO-143_contigs.fa_antismashcontig00001.region001_MMO-143_contigs.fa_antismash	3123
VD14_contigs.fa_antismashcontig00019.region001_VD14_contigs.fa_antismash	3123
MMO-142_contigs.fa_antismashcontig00025.region001_MMO-142_contigs.fa_antismash	3167
MMO-146_contigs.fa_antismashcontig00024.region001_MMO-146_contigs.fa_antismash	3167
MMO-54_contigs.fa_antismashcontig00001.region001_MMO-54_contigs.fa_antismash	3167
MMO-68_contigs.fa_antismashcontig00001.region003_MMO-68_contigs.fa_antismash	3167
MMO-80_contigs.fa_antismashcontig00005.region001_MMO-80_contigs.fa_antismash	3167
MMO-87_contigs.fa_antismashcontig00001.region003_MMO-87_contigs.fa_antismash	3167
MMO-93_contigs.fa_antismashcontig00001.region003_MMO-93_contigs.fa_antismash	3167
MMO-14_contigs.fa_antismashcontig00014.region001_MMO-14_contigs.fa_antismash	3196
MMO-36_contigs.fa_antismashcontig00014.region001_MMO-36_contigs.fa_antismash	3196
MMO-41_contigs.fa_antismashcontig00014.region001_MMO-41_contigs.fa_antismash	3196
MMO-44_contigs.fa_antismashcontig00014.region001_MMO-44_contigs.fa_antismash	3196
S242_contigs.fa_antismashcontig00028.region001_S242_contigs.fa_antismash	3196
USHLN021_contigs.fa_antismashcontig00001.region001_USHLN021_contigs.fa_antismash	3196
HN079_contigs.fa_antismashcontig00001.region001_HN079_contigs.fa_antismash	3197
HN151_contigs.fa_antismashcontig00006.region001_HN151_contigs.fa_antismash	3197
HN157_contigs.fa_antismashcontig00006.region001_HN157_contigs.fa_antismash	3197
MMO-151_contigs.fa_antismashcontig00001.region001_MMO-151_contigs.fa_antismash	3197
MMO-24_contigs.fa_antismashcontig00001.region001_MMO-24_contigs.fa_antismash	3197
MMO-28_contigs.fa_antismashcontig00001.region001_MMO-28_contigs.fa_antismash	3197
HN079_contigs.fa_antismashcontig00006.region001_HN079_contigs.fa_antismash	3198
MMO-151_contigs.fa_antismashcontig00006.region001_MMO-151_contigs.fa_antismash	3198
MMO-24_contigs.fa_antismashcontig00006.region001_MMO-24_contigs.fa_antismash	3198
MMO-28_contigs.fa_antismashcontig00006.region001_MMO-28_contigs.fa_antismash	3198
HN079_contigs.fa_antismashcontig00009.region001_HN079_contigs.fa_antismash	3199
MMO-151_contigs.fa_antismashcontig00008.region001_MMO-151_contigs.fa_antismash	3199
MMO-24_contigs.fa_antismashcontig00008.region001_MMO-24_contigs.fa_antismash	3199
MMO-28_contigs.fa_antismashcontig00008.region001_MMO-28_contigs.fa_antismash	3199
MMO-152_contigs.fa_antismashcontig00001.region002_MMO-152_contigs.fa_antismash	3208
MMO-152_contigs.fa_antismashcontig00003.region003_MMO-152_contigs.fa_antismash	3216
MMO-153_contigs.fa_antismashcontig00008.region001_MMO-153_contigs.fa_antismash	3230
MMO-159_contigs.fa_antismashcontig00006.region001_MMO-159_contigs.fa_antismash	3230
MMO-20_contigs.fa_antismashcontig00008.region001_MMO-20_contigs.fa_antismash	3230
MMO-64_contigs.fa_antismashcontig00007.region001_MMO-64_contigs.fa_antismash	3230
MMO-78_contigs.fa_antismashcontig00009.region001_MMO-78_contigs.fa_antismash	3230
MMO-160_contigs.fa_antismashcontig00004.region001_MMO-160_contigs.fa_antismash	3232
MMO-160_contigs.fa_antismashcontig00011.region001_MMO-160_contigs.fa_antismash	3235
MMO-172_contigs.fa_antismashcontig00017.region001_MMO-172_contigs.fa_antismash	3262
MMO-173_contigs.fa_antismashcontig00004.region001_MMO-173_contigs.fa_antismash	3264
MMO-175_contigs.fa_antismashcontig00012.region001_MMO-175_contigs.fa_antismash	3264
MMO-173_contigs.fa_antismashcontig00012.region001_MMO-173_contigs.fa_antismash	3270
MMO-176_contigs.fa_antismashcontig00006.region001_MMO-176_contigs.fa_antismash	3288
MMO-10_contigs.fa_antismashcontig00005.region001_MMO-10_contigs.fa_antismash	3319
MMO-138_contigs.fa_antismashcontig00002.region001_MMO-138_contigs.fa_antismash	3319
MMO-23_contigs.fa_antismashcontig00001.region001_MMO-23_contigs.fa_antismash	3319
MMO-32_contigs.fa_antismashcontig00001.region001_MMO-32_contigs.fa_antismash	3319
MMO-35_contigs.fa_antismashcontig00002.region001_MMO-35_contigs.fa_antismash	3319
AS212_contigs.fa_antismashcontig00008.region001_AS212_contigs.fa_antismash	3327
HN079_contigs.fa_antismashcontig00010.region001_HN079_contigs.fa_antismash	3327
MMO-151_contigs.fa_antismashcontig00009.region001_MMO-151_contigs.fa_antismash	3327
MMO-24_contigs.fa_antismashcontig00009.region001_MMO-24_contigs.fa_antismash	3327
MMO-28_contigs.fa_antismashcontig00009.region001_MMO-28_contigs.fa_antismash	3327
HN079_contigs.fa_antismashcontig00019.region001_HN079_contigs.fa_antismash	3359
MMO-151_contigs.fa_antismashcontig00018.region001_MMO-151_contigs.fa_antismash	3359
MMO-24_contigs.fa_antismashcontig00018.region001_MMO-24_contigs.fa_antismash	3359
MMO-28_contigs.fa_antismashcontig00017.region001_MMO-28_contigs.fa_antismash	3359
MMO-109_contigs.fa_antismashcontig00003.region001_MMO-109_contigs.fa_antismash	3421
MMO-42_contigs.fa_antismashcontig00004.region001_MMO-42_contigs.fa_antismash	3421
MMO-54_contigs.fa_antismashcontig00004.region001_MMO-54_contigs.fa_antismash	3450
MMO-68_contigs.fa_antismashcontig00004.region001_MMO-68_contigs.fa_antismash	3450
MMO-80_contigs.fa_antismashcontig00003.region001_MMO-80_contigs.fa_antismash	3450
MMO-87_contigs.fa_antismashcontig00004.region002_MMO-87_contigs.fa_antismash	3450
MMO-93_contigs.fa_antismashcontig00004.region002_MMO-93_contigs.fa_antismash	3450
MMO-127_contigs.fa_antismashcontig00011.region001_MMO-127_contigs.fa_antismash	3453
MMO-17_contigs.fa_antismashcontig00009.region001_MMO-17_contigs.fa_antismash	3453
MMO-55_contigs.fa_antismashcontig00012.region001_MMO-55_contigs.fa_antismash	3453
MMO-72_contigs.fa_antismashcontig00012.region001_MMO-72_contigs.fa_antismash	3453
USHLN009_contigs.fa_antismashcontig00009.region001_USHLN009_contigs.fa_antismash	3453
USHLN227_contigs.fa_antismashcontig00004.region001_USHLN227_contigs.fa_antismash	3453
USHLN259_contigs.fa_antismashcontig00008.region001_USHLN259_contigs.fa_antismash	3453
USHLN267_contigs.fa_antismashcontig00008.region001_USHLN267_contigs.fa_antismash	3453
VD8_contigs.fa_antismashcontig00012.region001_VD8_contigs.fa_antismash	3453
VD8_contigs.fa_antismashcontig00142.region001_VD8_contigs.fa_antismash	3453
VD8_contigs.fa_antismashcontig00256.region001_VD8_contigs.fa_antismash	3453
MMO-56_contigs.fa_antismashcontig00001.region001_MMO-56_contigs.fa_antismash	3455
MMO-70_contigs.fa_antismashcontig00002.region001_MMO-70_contigs.fa_antismash	3455
MMO-79_contigs.fa_antismashcontig00017.region001_MMO-79_contigs.fa_antismash	3455
MMO-59_contigs.fa_antismashcontig00002.region001_MMO-59_contigs.fa_antismash	3471
MMO-59_contigs.fa_antismashcontig00003.region001_MMO-59_contigs.fa_antismash	3472
MMO-59_contigs.fa_antismashcontig00014.region001_MMO-59_contigs.fa_antismash	3477
MMO-59_contigs.fa_antismashcontig00016.region001_MMO-59_contigs.fa_antismash	3478
MMO-59_contigs.fa_antismashcontig00032.region001_MMO-59_contigs.fa_antismash	3484
MMO-39_contigs.fa_antismashcontig00006.region001_MMO-39_contigs.fa_antismash	3514
MMO-40_contigs.fa_antismashcontig00005.region001_MMO-40_contigs.fa_antismash	3514
MMO-4_contigs.fa_antismashcontig00010.region001_MMO-4_contigs.fa_antismash	3514
MMO-57_contigs.fa_antismashcontig00005.region001_MMO-57_contigs.fa_antismash	3514
MMO-71_contigs.fa_antismashcontig00005.region001_MMO-71_contigs.fa_antismash	3514
MMO-125_contigs.fa_antismashcontig00001.region001_MMO-125_contigs.fa_antismash	3519
MMO-161_contigs.fa_antismashcontig00001.region001_MMO-161_contigs.fa_antismash	3519
MMO-66_contigs.fa_antismashcontig00001.region001_MMO-66_contigs.fa_antismash	3519
MMO-75_contigs.fa_antismashcontig00001.region002_MMO-75_contigs.fa_antismash	3519
USHLN153_contigs.fa_antismashcontig00002.region001_USHLN153_contigs.fa_antismash	3519
USHLN154_contigs.fa_antismashcontig00003.region001_USHLN154_contigs.fa_antismash	3519
VD1_contigs.fa_antismashcontig00001.region002_VD1_contigs.fa_antismash	3519
MMO-81_contigs.fa_antismashcontig00002.region001_MMO-81_contigs.fa_antismash	3533
AS124_contigs.fa_antismashcontig00001.region001_AS124_contigs.fa_antismash	3570
HN007_contigs.fa_antismashcontig00001.region001_HN007_contigs.fa_antismash	3570
HN049_contigs.fa_antismashcontig00001.region001_HN049_contigs.fa_antismash	3570
HN065_contigs.fa_antismashcontig00001.region001_HN065_contigs.fa_antismash	3570
HN100_contigs.fa_antismashcontig00001.region001_HN100_contigs.fa_antismash	3570
HN109_contigs.fa_antismashcontig00001.region001_HN109_contigs.fa_antismash	3570
HN110_contigs.fa_antismashcontig00001.region001_HN110_contigs.fa_antismash	3570
HN176_contigs.fa_antismashcontig00009.region001_HN176_contigs.fa_antismash	3570
MMO-120_contigs.fa_antismashcontig00008.region001_MMO-120_contigs.fa_antismash	3570
MMO-126_contigs.fa_antismashcontig00002.region001_MMO-126_contigs.fa_antismash	3570
MMO-43_contigs.fa_antismashcontig00001.region001_MMO-43_contigs.fa_antismash	3570
MMO-45_contigs.fa_antismashcontig00001.region001_MMO-45_contigs.fa_antismash	3570
MMO-83_contigs.fa_antismashcontig00002.region001_MMO-83_contigs.fa_antismash	3570
MMO-84_contigs.fa_antismashcontig00001.region001_MMO-84_contigs.fa_antismash	3570
MMO-88_contigs.fa_antismashcontig00005.region001_MMO-88_contigs.fa_antismash	3570
MMO-89_contigs.fa_antismashcontig00009.region001_MMO-89_contigs.fa_antismash	3570
MMO-90_contigs.fa_antismashcontig00001.region001_MMO-90_contigs.fa_antismash	3570
MMO-94_contigs.fa_antismashcontig00009.region001_MMO-94_contigs.fa_antismash	3570
AS124_contigs.fa_antismashcontig00011.region001_AS124_contigs.fa_antismash	3572
BGC0001498	3572
HN007_contigs.fa_antismashcontig00011.region001_HN007_contigs.fa_antismash	3572
HN049_contigs.fa_antismashcontig00011.region001_HN049_contigs.fa_antismash	3572
HN065_contigs.fa_antismashcontig00011.region001_HN065_contigs.fa_antismash	3572
HN100_contigs.fa_antismashcontig00010.region001_HN100_contigs.fa_antismash	3572
HN109_contigs.fa_antismashcontig00010.region001_HN109_contigs.fa_antismash	3572
HN110_contigs.fa_antismashcontig00011.region001_HN110_contigs.fa_antismash	3572
HN151_contigs.fa_antismashcontig00001.region001_HN151_contigs.fa_antismash	3572
HN157_contigs.fa_antismashcontig00001.region001_HN157_contigs.fa_antismash	3572
HN173_contigs.fa_antismashcontig00001.region001_HN173_contigs.fa_antismash	3572
HN176_contigs.fa_antismashcontig00011.region001_HN176_contigs.fa_antismash	3572
MMO-120_contigs.fa_antismashcontig00012.region001_MMO-120_contigs.fa_antismash	3572
MMO-126_contigs.fa_antismashcontig00011.region001_MMO-126_contigs.fa_antismash	3572
MMO-43_contigs.fa_antismashcontig00011.region001_MMO-43_contigs.fa_antismash	3572
MMO-45_contigs.fa_antismashcontig00011.region001_MMO-45_contigs.fa_antismash	3572
MMO-83_contigs.fa_antismashcontig00011.region001_MMO-83_contigs.fa_antismash	3572
MMO-84_contigs.fa_antismashcontig00011.region001_MMO-84_contigs.fa_antismash	3572
MMO-88_contigs.fa_antismashcontig00012.region001_MMO-88_contigs.fa_antismash	3572
MMO-89_contigs.fa_antismashcontig00012.region001_MMO-89_contigs.fa_antismash	3572
MMO-90_contigs.fa_antismashcontig00011.region001_MMO-90_contigs.fa_antismash	3572
MMO-94_contigs.fa_antismashcontig00012.region001_MMO-94_contigs.fa_antismash	3572
MMO-152_contigs.fa_antismashcontig00001.region001_MMO-152_contigs.fa_antismash	3573
MMO-8_contigs.fa_antismashcontig00001.region001_MMO-8_contigs.fa_antismash	3573
MMO-8_contigs.fa_antismashcontig00001.region002_MMO-8_contigs.fa_antismash	3574
MMO-8_contigs.fa_antismashcontig00002.region005_MMO-8_contigs.fa_antismash	3581
MMO-152_contigs.fa_antismashcontig00002.region003_MMO-152_contigs.fa_antismash	3585
MMO-8_contigs.fa_antismashcontig00003.region002_MMO-8_contigs.fa_antismash	3585
MMO-14_contigs.fa_antismashcontig00007.region001_MMO-14_contigs.fa_antismash	3613
MMO-36_contigs.fa_antismashcontig00007.region001_MMO-36_contigs.fa_antismash	3613
MMO-41_contigs.fa_antismashcontig00007.region001_MMO-41_contigs.fa_antismash	3613
MMO-44_contigs.fa_antismashcontig00007.region001_MMO-44_contigs.fa_antismash	3613
S242_contigs.fa_antismashcontig00001.region002_S242_contigs.fa_antismash	3613
USHLN021_contigs.fa_antismashcontig00004.region001_USHLN021_contigs.fa_antismash	3613
USHLN009_contigs.fa_antismashcontig00001.region002_USHLN009_contigs.fa_antismash	3625
USHLN010_contigs.fa_antismashcontig00003.region001_USHLN010_contigs.fa_antismash	3638
USHLN010_contigs.fa_antismashcontig00006.region001_USHLN010_contigs.fa_antismash	3642
USHLN014_contigs.fa_antismashcontig00003.region002_USHLN014_contigs.fa_antismash	3644
USHLN015_contigs.fa_antismashcontig00002.region001_USHLN015_contigs.fa_antismash	3645
USHLN015_contigs.fa_antismashcontig00007.region001_USHLN015_contigs.fa_antismash	3647
USHLN022_contigs.fa_antismashcontig00010.region002_USHLN022_contigs.fa_antismash	3679
USHLN023_contigs.fa_antismashcontig00004.region001_USHLN023_contigs.fa_antismash	3682
USHLN028_contigs.fa_antismashcontig00001.region003_USHLN028_contigs.fa_antismash	3688
USHLN029_contigs.fa_antismashcontig00002.region001_USHLN029_contigs.fa_antismash	3688
USHLN028_contigs.fa_antismashcontig00001.region005_USHLN028_contigs.fa_antismash	3697
USHLN029_contigs.fa_antismashcontig00008.region001_USHLN029_contigs.fa_antismash	3697
USHLN06_contigs.fa_antismashcontig00001.region002_USHLN06_contigs.fa_antismash	3719
USHLN139_contigs.fa_antismashcontig00001.region002_USHLN139_contigs.fa_antismash	3733
USHLN143_contigs.fa_antismashcontig00021.region001_USHLN143_contigs.fa_antismash	3739
USHLN143_contigs.fa_antismashcontig00027.region001_USHLN143_contigs.fa_antismash	3740
USHLN149_contigs.fa_antismashcontig00005.region002_USHLN149_contigs.fa_antismash	3750
USHLN149_contigs.fa_antismashcontig00006.region002_USHLN149_contigs.fa_antismash	3752
USHLN150_contigs.fa_antismashcontig00001.region001_USHLN150_contigs.fa_antismash	3754
USHLN150_contigs.fa_antismashcontig00001.region002_USHLN150_contigs.fa_antismash	3755
USHLN150_contigs.fa_antismashcontig00001.region003_USHLN150_contigs.fa_antismash	3756
USHLN150_contigs.fa_antismashcontig00004.region001_USHLN150_contigs.fa_antismash	3758
USMM241_contigs.fa_antismashcontig00013.region001_USMM241_contigs.fa_antismash	3758
USHLN153_contigs.fa_antismashcontig00003.region002_USHLN153_contigs.fa_antismash	3792
USHLN155_contigs.fa_antismashcontig00005.region001_USHLN155_contigs.fa_antismash	3801
AS031_contigs.fa_antismashcontig00001.region002_AS031_contigs.fa_antismash	3835
USHLN158_contigs.fa_antismashcontig00002.region001_USHLN158_contigs.fa_antismash	3835
USHLN159_contigs.fa_antismashcontig00001.region001_USHLN159_contigs.fa_antismash	3835
USHLN160_contigs.fa_antismashcontig00001.region001_USHLN160_contigs.fa_antismash	3835
USHLN162_contigs.fa_antismashcontig00002.region001_USHLN162_contigs.fa_antismash	3835
USHLN164_contigs.fa_antismashcontig00001.region002_USHLN164_contigs.fa_antismash	3835
USHLN199_contigs.fa_antismashcontig00001.region001_USHLN199_contigs.fa_antismash	3835
USHLN200_contigs.fa_antismashcontig00001.region002_USHLN200_contigs.fa_antismash	3835
VD24_contigs.fa_antismashcontig00028.region001_VD24_contigs.fa_antismash	3835
VD30_contigs.fa_antismashcontig00005.region001_VD30_contigs.fa_antismash	3835
VD33_contigs.fa_antismashcontig00004.region001_VD33_contigs.fa_antismash	3835
USHLN158_contigs.fa_antismashcontig00007.region001_USHLN158_contigs.fa_antismash	3836
USHLN159_contigs.fa_antismashcontig00002.region002_USHLN159_contigs.fa_antismash	3836
USHLN160_contigs.fa_antismashcontig00002.region001_USHLN160_contigs.fa_antismash	3836
USHLN162_contigs.fa_antismashcontig00003.region002_USHLN162_contigs.fa_antismash	3836
USHLN164_contigs.fa_antismashcontig00002.region001_USHLN164_contigs.fa_antismash	3836
USHLN199_contigs.fa_antismashcontig00002.region002_USHLN199_contigs.fa_antismash	3836
USHLN200_contigs.fa_antismashcontig00002.region002_USHLN200_contigs.fa_antismash	3836
USHLN165_contigs.fa_antismashcontig00005.region002_USHLN165_contigs.fa_antismash	3844
AS218_contigs.fa_antismashcontig00006.region001_AS218_contigs.fa_antismash	3864
MMO-140_contigs.fa_antismashcontig00017.region001_MMO-140_contigs.fa_antismash	3864
MMO-47_contigs.fa_antismashcontig00001.region001_MMO-47_contigs.fa_antismash	3864
USHLN169_contigs.fa_antismashcontig00002.region002_USHLN169_contigs.fa_antismash	3864
USHLN173_contigs.fa_antismashcontig00009.region001_USHLN173_contigs.fa_antismash	3864
USHLN205_contigs.fa_antismashcontig00009.region001_USHLN205_contigs.fa_antismash	3864
USHLN186_contigs.fa_antismashcontig00004.region001_USHLN186_contigs.fa_antismash	3930
BGC0000888	3937
BGC0001184	3937
USHLN188_contigs.fa_antismashcontig00002.region001_USHLN188_contigs.fa_antismash	3937
USHLN190_contigs.fa_antismashcontig00001.region003_USHLN190_contigs.fa_antismash	3937
USHLN188_contigs.fa_antismashcontig00001.region003_USHLN188_contigs.fa_antismash	3947
USHLN190_contigs.fa_antismashcontig00002.region001_USHLN190_contigs.fa_antismash	3947
BGC0000942	3967
LB14_contigs.fa_antismashcontig00196.region001_LB14_contigs.fa_antismash	3967
MMO-25_contigs.fa_antismashcontig00002.region001_MMO-25_contigs.fa_antismash	3967
USHLN022_contigs.fa_antismashcontig00001.region001_USHLN022_contigs.fa_antismash	3967
USHLN152_contigs.fa_antismashcontig00002.region001_USHLN152_contigs.fa_antismash	3967
USHLN168_contigs.fa_antismashcontig00002.region001_USHLN168_contigs.fa_antismash	3967
USHLN172_contigs.fa_antismashcontig00001.region001_USHLN172_contigs.fa_antismash	3967
USHLN181_contigs.fa_antismashcontig00001.region002_USHLN181_contigs.fa_antismash	3967
USHLN183_contigs.fa_antismashcontig00003.region001_USHLN183_contigs.fa_antismash	3967
USHLN192_contigs.fa_antismashcontig00003.region001_USHLN192_contigs.fa_antismash	3967
USHLN193_contigs.fa_antismashcontig00002.region002_USHLN193_contigs.fa_antismash	3967
USHLN195_contigs.fa_antismashcontig00002.region001_USHLN195_contigs.fa_antismash	3967
USMM074_contigs.fa_antismashcontig00002.region001_USMM074_contigs.fa_antismash	3967
USMM075_contigs.fa_antismashcontig00001.region001_USMM075_contigs.fa_antismash	3967
USMM086_contigs.fa_antismashcontig00021.region001_USMM086_contigs.fa_antismash	3967
USMM087_contigs.fa_antismashcontig00004.region001_USMM087_contigs.fa_antismash	3967
USMM088_contigs.fa_antismashcontig00002.region003_USMM088_contigs.fa_antismash	3967
USMM091_contigs.fa_antismashcontig00001.region002_USMM091_contigs.fa_antismash	3967
USMM093_contigs.fa_antismashcontig00002.region002_USMM093_contigs.fa_antismash	3967
USHLN196_contigs.fa_antismashcontig00002.region001_USHLN196_contigs.fa_antismash	3995
USHLN197_contigs.fa_antismashcontig00001.region002_USHLN197_contigs.fa_antismash	4008
USHLN211_contigs.fa_antismashcontig00001.region002_USHLN211_contigs.fa_antismash	4008
USHLN197_contigs.fa_antismashcontig00001.region003_USHLN197_contigs.fa_antismash	4009
USHLN211_contigs.fa_antismashcontig00018.region001_USHLN211_contigs.fa_antismash	4009
USHLN197_contigs.fa_antismashcontig00004.region001_USHLN197_contigs.fa_antismash	4015
USHLN198_contigs.fa_antismashcontig00002.region003_USHLN198_contigs.fa_antismash	4020
USHLN34_contigs.fa_antismashcontig00001.region003_USHLN34_contigs.fa_antismash	4020
USHLN208_contigs.fa_antismashcontig00003.region001_USHLN208_contigs.fa_antismash	4043
USHLN210_contigs.fa_antismashcontig00007.region001_USHLN210_contigs.fa_antismash	4047
USHLN217_contigs.fa_antismashcontig00001.region001_USHLN217_contigs.fa_antismash	4047
USHLN220_contigs.fa_antismashcontig00002.region001_USHLN220_contigs.fa_antismash	4047
USHLN228_contigs.fa_antismashcontig00007.region001_USHLN228_contigs.fa_antismash	4047
USHLN197_contigs.fa_antismashcontig00002.region004_USHLN197_contigs.fa_antismash	4057
USHLN211_contigs.fa_antismashcontig00007.region001_USHLN211_contigs.fa_antismash	4057
USHLN213_contigs.fa_antismashcontig00003.region001_USHLN213_contigs.fa_antismash	4062
USHLN213_contigs.fa_antismashcontig00004.region001_USHLN213_contigs.fa_antismash	4064
USHLN215_contigs.fa_antismashcontig00010.region001_USHLN215_contigs.fa_antismash	4073
USHLN215_contigs.fa_antismashcontig00012.region001_USHLN215_contigs.fa_antismash	4075
USHLN218_contigs.fa_antismashcontig00002.region001_USHLN218_contigs.fa_antismash	4085
USHLN218_contigs.fa_antismashcontig00010.region001_USHLN218_contigs.fa_antismash	4090
USHLN218_contigs.fa_antismashcontig00014.region001_USHLN218_contigs.fa_antismash	4092
USHLN210_contigs.fa_antismashcontig00008.region002_USHLN210_contigs.fa_antismash	4108
USHLN217_contigs.fa_antismashcontig00001.region003_USHLN217_contigs.fa_antismash	4108
USHLN220_contigs.fa_antismashcontig00002.region003_USHLN220_contigs.fa_antismash	4108
USHLN228_contigs.fa_antismashcontig00003.region002_USHLN228_contigs.fa_antismash	4108
USHLN230_contigs.fa_antismashcontig00013.region001_USHLN230_contigs.fa_antismash	4122
MMO-136_contigs.fa_antismashcontig00001.region001_MMO-136_contigs.fa_antismash	4123
MMO-141_contigs.fa_antismashcontig00007.region001_MMO-141_contigs.fa_antismash	4123
MMO-154_contigs.fa_antismashcontig00001.region001_MMO-154_contigs.fa_antismash	4123
MMO-26_contigs.fa_antismashcontig00012.region001_MMO-26_contigs.fa_antismash	4123
MMO-27_contigs.fa_antismashcontig00004.region001_MMO-27_contigs.fa_antismash	4123
MMO-29_contigs.fa_antismashcontig00001.region001_MMO-29_contigs.fa_antismash	4123
MMO-67_contigs.fa_antismashcontig00017.region001_MMO-67_contigs.fa_antismash	4123
USHLN229_contigs.fa_antismashcontig00015.region001_USHLN229_contigs.fa_antismash	4123
USHLN232_contigs.fa_antismashcontig00004.region001_USHLN232_contigs.fa_antismash	4123
MMO-136_contigs.fa_antismashcontig00012.region001_MMO-136_contigs.fa_antismash	4125
MMO-141_contigs.fa_antismashcontig00019.region001_MMO-141_contigs.fa_antismash	4125
MMO-154_contigs.fa_antismashcontig00009.region001_MMO-154_contigs.fa_antismash	4125
MMO-26_contigs.fa_antismashcontig00002.region001_MMO-26_contigs.fa_antismash	4125
MMO-27_contigs.fa_antismashcontig00002.region001_MMO-27_contigs.fa_antismash	4125
MMO-29_contigs.fa_antismashcontig00009.region001_MMO-29_contigs.fa_antismash	4125
MMO-67_contigs.fa_antismashcontig00001.region001_MMO-67_contigs.fa_antismash	4125
USHLN229_contigs.fa_antismashcontig00004.region001_USHLN229_contigs.fa_antismash	4125
USHLN230_contigs.fa_antismashcontig00012.region001_USHLN230_contigs.fa_antismash	4125
USHLN232_contigs.fa_antismashcontig00007.region001_USHLN232_contigs.fa_antismash	4125
MMO-136_contigs.fa_antismashcontig00014.region001_MMO-136_contigs.fa_antismash	4126
MMO-141_contigs.fa_antismashcontig00001.region001_MMO-141_contigs.fa_antismash	4126
MMO-154_contigs.fa_antismashcontig00003.region001_MMO-154_contigs.fa_antismash	4126
MMO-26_contigs.fa_antismashcontig00011.region001_MMO-26_contigs.fa_antismash	4126
MMO-27_contigs.fa_antismashcontig00008.region001_MMO-27_contigs.fa_antismash	4126
MMO-29_contigs.fa_antismashcontig00016.region001_MMO-29_contigs.fa_antismash	4126
MMO-67_contigs.fa_antismashcontig00003.region001_MMO-67_contigs.fa_antismash	4126
USHLN229_contigs.fa_antismashcontig00008.region001_USHLN229_contigs.fa_antismash	4126
USHLN230_contigs.fa_antismashcontig00002.region001_USHLN230_contigs.fa_antismash	4126
USHLN232_contigs.fa_antismashcontig00010.region001_USHLN232_contigs.fa_antismash	4126
USHLN234_contigs.fa_antismashcontig00007.region001_USHLN234_contigs.fa_antismash	4132
USHLN248_contigs.fa_antismashcontig00003.region001_USHLN248_contigs.fa_antismash	4135
USHLN248_contigs.fa_antismashcontig00032.region001_USHLN248_contigs.fa_antismash	4138
USHLN256_contigs.fa_antismashcontig00001.region003_USHLN256_contigs.fa_antismash	4142
USHLN263_contigs.fa_antismashcontig00001.region001_USHLN263_contigs.fa_antismash	4180
USHLN266_contigs.fa_antismashcontig00001.region001_USHLN266_contigs.fa_antismash	4180
USHLN259_contigs.fa_antismashcontig00002.region002_USHLN259_contigs.fa_antismash	4182
USHLN267_contigs.fa_antismashcontig00001.region001_USHLN267_contigs.fa_antismash	4182
USHLN259_contigs.fa_antismashcontig00005.region001_USHLN259_contigs.fa_antismash	4186
USHLN267_contigs.fa_antismashcontig00006.region001_USHLN267_contigs.fa_antismash	4186
USHLN268_contigs.fa_antismashcontig00002.region001_USHLN268_contigs.fa_antismash	4193
USHLN278_contigs.fa_antismashcontig00001.region003_USHLN278_contigs.fa_antismash	4193
USHLN262_contigs.fa_antismashcontig00005.region001_USHLN262_contigs.fa_antismash	4204
USHLN270_contigs.fa_antismashcontig00016.region001_USHLN270_contigs.fa_antismash	4204
USHLN271_contigs.fa_antismashcontig00005.region001_USHLN271_contigs.fa_antismash	4204
USHLN291_contigs.fa_antismashcontig00016.region001_USHLN291_contigs.fa_antismash	4204
USHLN296_contigs.fa_antismashcontig00015.region001_USHLN296_contigs.fa_antismash	4204
USHLN272_contigs.fa_antismashcontig00001.region001_USHLN272_contigs.fa_antismash	4208
USHLN268_contigs.fa_antismashcontig00002.region002_USHLN268_contigs.fa_antismash	4216
USHLN278_contigs.fa_antismashcontig00001.region004_USHLN278_contigs.fa_antismash	4216
USHLN268_contigs.fa_antismashcontig00005.region001_USHLN268_contigs.fa_antismash	4219
USHLN278_contigs.fa_antismashcontig00004.region001_USHLN278_contigs.fa_antismash	4219
USHLN198_contigs.fa_antismashcontig00001.region001_USHLN198_contigs.fa_antismash	4221
USHLN279_contigs.fa_antismashcontig00002.region002_USHLN279_contigs.fa_antismash	4221
USHLN280_contigs.fa_antismashcontig00002.region001_USHLN280_contigs.fa_antismash	4221
USHLN34_contigs.fa_antismashcontig00001.region005_USHLN34_contigs.fa_antismash	4221
USHLN35_contigs.fa_antismashcontig00001.region001_USHLN35_contigs.fa_antismash	4221
USHLN198_contigs.fa_antismashcontig00002.region002_USHLN198_contigs.fa_antismash	4222
USHLN279_contigs.fa_antismashcontig00003.region001_USHLN279_contigs.fa_antismash	4222
USHLN280_contigs.fa_antismashcontig00004.region002_USHLN280_contigs.fa_antismash	4222
USHLN34_contigs.fa_antismashcontig00001.region002_USHLN34_contigs.fa_antismash	4222
USHLN35_contigs.fa_antismashcontig00001.region003_USHLN35_contigs.fa_antismash	4222
HN037_contigs.fa_antismashcontig00011.region001_HN037_contigs.fa_antismash	4275
USHLN288_contigs.fa_antismashcontig00012.region001_USHLN288_contigs.fa_antismash	4275
USHLN290_contigs.fa_antismashcontig00015.region001_USHLN290_contigs.fa_antismash	4275
USHLN292_contigs.fa_antismashcontig00019.region001_USHLN292_contigs.fa_antismash	4275
USHLN295_contigs.fa_antismashcontig00007.region001_USHLN295_contigs.fa_antismash	4275
VD11_contigs.fa_antismashcontig00012.region001_VD11_contigs.fa_antismash	4275
BGC0000836	4315
USHLN198_contigs.fa_antismashcontig00003.region001_USHLN198_contigs.fa_antismash	4315
USHLN279_contigs.fa_antismashcontig00024.region001_USHLN279_contigs.fa_antismash	4315
USHLN280_contigs.fa_antismashcontig00023.region001_USHLN280_contigs.fa_antismash	4315
USHLN34_contigs.fa_antismashcontig00011.region001_USHLN34_contigs.fa_antismash	4315
USHLN35_contigs.fa_antismashcontig00003.region001_USHLN35_contigs.fa_antismash	4315
USHLN198_contigs.fa_antismashcontig00007.region001_USHLN198_contigs.fa_antismash	4316
USHLN279_contigs.fa_antismashcontig00004.region001_USHLN279_contigs.fa_antismash	4316
USHLN280_contigs.fa_antismashcontig00006.region001_USHLN280_contigs.fa_antismash	4316
USHLN34_contigs.fa_antismashcontig00005.region001_USHLN34_contigs.fa_antismash	4316
USHLN35_contigs.fa_antismashcontig00003.region002_USHLN35_contigs.fa_antismash	4316
BGC0001499	4317
USHLN198_contigs.fa_antismashcontig00003.region002_USHLN198_contigs.fa_antismash	4317
USHLN279_contigs.fa_antismashcontig00011.region001_USHLN279_contigs.fa_antismash	4317
USHLN280_contigs.fa_antismashcontig00010.region001_USHLN280_contigs.fa_antismash	4317
USHLN34_contigs.fa_antismashcontig00006.region001_USHLN34_contigs.fa_antismash	4317
USHLN35_contigs.fa_antismashcontig00006.region001_USHLN35_contigs.fa_antismash	4317
USMM045_contigs.fa_antismashcontig00004.region001_USMM045_contigs.fa_antismash	4324
USMM046_contigs.fa_antismashcontig00002.region001_USMM046_contigs.fa_antismash	4324
USMM047_contigs.fa_antismashcontig00005.region001_USMM047_contigs.fa_antismash	4324
USMM048_contigs.fa_antismashcontig00003.region001_USMM048_contigs.fa_antismash	4324
USMM045_contigs.fa_antismashcontig00001.region003_USMM045_contigs.fa_antismash	4334
USMM046_contigs.fa_antismashcontig00001.region002_USMM046_contigs.fa_antismash	4334
USMM047_contigs.fa_antismashcontig00001.region002_USMM047_contigs.fa_antismash	4334
USMM048_contigs.fa_antismashcontig00001.region003_USMM048_contigs.fa_antismash	4334
USMM045_contigs.fa_antismashcontig00002.region001_USMM045_contigs.fa_antismash	4339
USMM046_contigs.fa_antismashcontig00004.region001_USMM046_contigs.fa_antismash	4339
USMM047_contigs.fa_antismashcontig00002.region001_USMM047_contigs.fa_antismash	4339
USMM048_contigs.fa_antismashcontig00009.region001_USMM048_contigs.fa_antismash	4339
USMM045_contigs.fa_antismashcontig00017.region001_USMM045_contigs.fa_antismash	4341
USMM046_contigs.fa_antismashcontig00019.region001_USMM046_contigs.fa_antismash	4341
USMM047_contigs.fa_antismashcontig00018.region002_USMM047_contigs.fa_antismash	4341
USMM048_contigs.fa_antismashcontig00018.region001_USMM048_contigs.fa_antismash	4341
USMM045_contigs.fa_antismashcontig00009.region001_USMM045_contigs.fa_antismash	4345
USMM046_contigs.fa_antismashcontig00039.region001_USMM046_contigs.fa_antismash	4345
USMM047_contigs.fa_antismashcontig00006.region002_USMM047_contigs.fa_antismash	4345
USMM048_contigs.fa_antismashcontig00008.region001_USMM048_contigs.fa_antismash	4345
HN121_contigs.fa_antismashcontig00003.region001_HN121_contigs.fa_antismash	4445
HN122_contigs.fa_antismashcontig00003.region001_HN122_contigs.fa_antismash	4445
USMM066_contigs.fa_antismashcontig00005.region001_USMM066_contigs.fa_antismash	4445
USMM068_contigs.fa_antismashcontig00005.region001_USMM068_contigs.fa_antismash	4445
HN121_contigs.fa_antismashcontig00007.region001_HN121_contigs.fa_antismash	4447
HN122_contigs.fa_antismashcontig00002.region002_HN122_contigs.fa_antismash	4447
USMM066_contigs.fa_antismashcontig00001.region001_USMM066_contigs.fa_antismash	4447
USMM068_contigs.fa_antismashcontig00001.region001_USMM068_contigs.fa_antismash	4447
HN121_contigs.fa_antismashcontig00004.region001_HN121_contigs.fa_antismash	4453
HN122_contigs.fa_antismashcontig00004.region001_HN122_contigs.fa_antismash	4453
USHLN143_contigs.fa_antismashcontig00003.region001_USHLN143_contigs.fa_antismash	4453
USMM066_contigs.fa_antismashcontig00006.region001_USMM066_contigs.fa_antismash	4453
USMM068_contigs.fa_antismashcontig00006.region001_USMM068_contigs.fa_antismash	4453
USMM078_contigs.fa_antismashcontig00002.region001_USMM078_contigs.fa_antismash	4476
USMM079_contigs.fa_antismashcontig00002.region001_USMM079_contigs.fa_antismash	4476
AS126_contigs.fa_antismashcontig00001.region002_AS126_contigs.fa_antismash	4477
USHLN256_contigs.fa_antismashcontig00001.region002_USHLN256_contigs.fa_antismash	4477
USHLN298_contigs.fa_antismashcontig00001.region002_USHLN298_contigs.fa_antismash	4477
USHLN32_contigs.fa_antismashcontig00001.region002_USHLN32_contigs.fa_antismash	4477
USMM078_contigs.fa_antismashcontig00004.region001_USMM078_contigs.fa_antismash	4477
USMM079_contigs.fa_antismashcontig00004.region001_USMM079_contigs.fa_antismash	4477
VD24_contigs.fa_antismashcontig00043.region001_VD24_contigs.fa_antismash	4477
VD33_contigs.fa_antismashcontig00005.region001_VD33_contigs.fa_antismash	4477
USHLN018_contigs.fa_antismashcontig00001.region001_USHLN018_contigs.fa_antismash	4509
USMM082_contigs.fa_antismashcontig00002.region001_USMM082_contigs.fa_antismash	4509
USMM083_contigs.fa_antismashcontig00002.region001_USMM083_contigs.fa_antismash	4509
MMO-25_contigs.fa_antismashcontig00001.region003_MMO-25_contigs.fa_antismash	4541
USHLN022_contigs.fa_antismashcontig00001.region004_USHLN022_contigs.fa_antismash	4541
USHLN152_contigs.fa_antismashcontig00013.region001_USHLN152_contigs.fa_antismash	4541
USHLN168_contigs.fa_antismashcontig00004.region002_USHLN168_contigs.fa_antismash	4541
USHLN172_contigs.fa_antismashcontig00001.region004_USHLN172_contigs.fa_antismash	4541
USHLN181_contigs.fa_antismashcontig00005.region002_USHLN181_contigs.fa_antismash	4541
USHLN183_contigs.fa_antismashcontig00004.region001_USHLN183_contigs.fa_antismash	4541
USHLN192_contigs.fa_antismashcontig00001.region004_USHLN192_contigs.fa_antismash	4541
USHLN193_contigs.fa_antismashcontig00009.region002_USHLN193_contigs.fa_antismash	4541
USHLN195_contigs.fa_antismashcontig00001.region003_USHLN195_contigs.fa_antismash	4541
USMM074_contigs.fa_antismashcontig00012.region001_USMM074_contigs.fa_antismash	4541
USMM075_contigs.fa_antismashcontig00013.region001_USMM075_contigs.fa_antismash	4541
USMM086_contigs.fa_antismashcontig00001.region003_USMM086_contigs.fa_antismash	4541
USMM087_contigs.fa_antismashcontig00008.region002_USMM087_contigs.fa_antismash	4541
USMM088_contigs.fa_antismashcontig00015.region002_USMM088_contigs.fa_antismash	4541
USMM091_contigs.fa_antismashcontig00005.region004_USMM091_contigs.fa_antismash	4541
USMM093_contigs.fa_antismashcontig00006.region001_USMM093_contigs.fa_antismash	4541
USHLN152_contigs.fa_antismashcontig00010.region001_USHLN152_contigs.fa_antismash	4574
USHLN193_contigs.fa_antismashcontig00007.region001_USHLN193_contigs.fa_antismash	4574
USMM086_contigs.fa_antismashcontig00015.region001_USMM086_contigs.fa_antismash	4574
USMM087_contigs.fa_antismashcontig00016.region001_USMM087_contigs.fa_antismash	4574
USMM088_contigs.fa_antismashcontig00011.region001_USMM088_contigs.fa_antismash	4574
USMM102_contigs.fa_antismashcontig00008.region001_USMM102_contigs.fa_antismash	4647
USMM103_contigs.fa_antismashcontig00008.region001_USMM103_contigs.fa_antismash	4647
USMM104_contigs.fa_antismashcontig00007.region001_USMM104_contigs.fa_antismash	4647
USMM105_contigs.fa_antismashcontig00008.region001_USMM105_contigs.fa_antismash	4647
USMM099_contigs.fa_antismashcontig00002.region001_USMM099_contigs.fa_antismash	4659
USMM108_contigs.fa_antismashcontig00004.region002_USMM108_contigs.fa_antismash	4659
USMM111_contigs.fa_antismashcontig00003.region002_USMM111_contigs.fa_antismash	4663
CR11_contigs.fa_antismashcontig00002.region001_CR11_contigs.fa_antismash	4669
MMO-81_contigs.fa_antismashcontig00002.region002_MMO-81_contigs.fa_antismash	4669
MMO-99_contigs.fa_antismashcontig00012.region001_MMO-99_contigs.fa_antismash	4669
USMM114_contigs.fa_antismashcontig00007.region001_USMM114_contigs.fa_antismash	4669
USMM116_contigs.fa_antismashcontig00007.region001_USMM116_contigs.fa_antismash	4669
USMM125_contigs.fa_antismashcontig00002.region001_USMM125_contigs.fa_antismash	4683
USHLN260_contigs.fa_antismashcontig00001.region002_USHLN260_contigs.fa_antismash	4685
USHLN281_contigs.fa_antismashcontig00004.region002_USHLN281_contigs.fa_antismash	4685
USHLN33_contigs.fa_antismashcontig00001.region002_USHLN33_contigs.fa_antismash	4685
USMM128_contigs.fa_antismashcontig00001.region002_USMM128_contigs.fa_antismash	4685
USHLN260_contigs.fa_antismashcontig00007.region001_USHLN260_contigs.fa_antismash	4693
USHLN281_contigs.fa_antismashcontig00006.region001_USHLN281_contigs.fa_antismash	4693
USHLN33_contigs.fa_antismashcontig00001.region003_USHLN33_contigs.fa_antismash	4693
USMM128_contigs.fa_antismashcontig00002.region001_USMM128_contigs.fa_antismash	4693
USMM130_contigs.fa_antismashcontig00002.region001_USMM130_contigs.fa_antismash	4693
USHLN281_contigs.fa_antismashcontig00005.region001_USHLN281_contigs.fa_antismash	4696
USMM130_contigs.fa_antismashcontig00005.region001_USMM130_contigs.fa_antismash	4696
USHLN281_contigs.fa_antismashcontig00005.region002_USHLN281_contigs.fa_antismash	4697
USMM130_contigs.fa_antismashcontig00005.region002_USMM130_contigs.fa_antismash	4697
MMO-164_contigs.fa_antismashcontig00008.region001_MMO-164_contigs.fa_antismash	4703
MMO-165_contigs.fa_antismashcontig00009.region001_MMO-165_contigs.fa_antismash	4703
MMO-1_contigs.fa_antismashcontig00010.region001_MMO-1_contigs.fa_antismash	4703
MMO-2_contigs.fa_antismashcontig00007.region001_MMO-2_contigs.fa_antismash	4703
MMO-6_contigs.fa_antismashcontig00015.region001_MMO-6_contigs.fa_antismash	4703
USHLN265_contigs.fa_antismashcontig00019.region001_USHLN265_contigs.fa_antismash	4703
USMM131_contigs.fa_antismashcontig00012.region001_USMM131_contigs.fa_antismash	4703
USHLN293_contigs.fa_antismashcontig00002.region002_USHLN293_contigs.fa_antismash	4717
USMM135_contigs.fa_antismashcontig00002.region001_USMM135_contigs.fa_antismash	4717
USMM136_contigs.fa_antismashcontig00002.region002_USMM136_contigs.fa_antismash	4717
USMM236_contigs.fa_antismashcontig00002.region003_USMM236_contigs.fa_antismash	4730
USMM236_contigs.fa_antismashcontig00003.region001_USMM236_contigs.fa_antismash	4731
USMM241_contigs.fa_antismashcontig00002.region001_USMM241_contigs.fa_antismash	4742
USMM241_contigs.fa_antismashcontig00005.region001_USMM241_contigs.fa_antismash	4745
USMM241_contigs.fa_antismashcontig00005.region002_USMM241_contigs.fa_antismash	4746
USHLN261_contigs.fa_antismashcontig00114.region001_USHLN261_contigs.fa_antismash	4785
USHLN294_contigs.fa_antismashcontig00086.region001_USHLN294_contigs.fa_antismash	4785
USMM133_contigs.fa_antismashcontig00091.region001_USMM133_contigs.fa_antismash	4785
USMM134_contigs.fa_antismashcontig00085.region001_USMM134_contigs.fa_antismash	4785
VD15_contigs.fa_antismashcontig00055.region001_VD15_contigs.fa_antismash	4785
VD18_contigs.fa_antismashcontig00035.region001_VD18_contigs.fa_antismash	4785
MMO-125_contigs.fa_antismashcontig00001.region002_MMO-125_contigs.fa_antismash	4799
MMO-161_contigs.fa_antismashcontig00001.region002_MMO-161_contigs.fa_antismash	4799
MMO-66_contigs.fa_antismashcontig00001.region002_MMO-66_contigs.fa_antismash	4799
MMO-75_contigs.fa_antismashcontig00001.region001_MMO-75_contigs.fa_antismash	4799
VD1_contigs.fa_antismashcontig00001.region001_VD1_contigs.fa_antismash	4799
AS113_contigs.fa_antismashcontig00001.region001_AS113_contigs.fa_antismash	4862
HN178_contigs.fa_antismashcontig00002.region001_HN178_contigs.fa_antismash	4862
MMO-103_contigs.fa_antismashcontig00002.region001_MMO-103_contigs.fa_antismash	4862
USHLN005_contigs.fa_antismashcontig00005.region001_USHLN005_contigs.fa_antismash	4862
VD19_contigs.fa_antismashcontig00001.region001_VD19_contigs.fa_antismash	4862
VD20_contigs.fa_antismashcontig00031.region001_VD20_contigs.fa_antismash	4862
VD21_contigs.fa_antismashcontig00005.region001_VD21_contigs.fa_antismash	4862
VD22_contigs.fa_antismashcontig00001.region003_VD22_contigs.fa_antismash	4862
VD23_contigs.fa_antismashcontig00006.region001_VD23_contigs.fa_antismash	4862
VD25_contigs.fa_antismashcontig00006.region001_VD25_contigs.fa_antismash	4862
VD26_contigs.fa_antismashcontig00006.region001_VD26_contigs.fa_antismash	4862
VD27_contigs.fa_antismashcontig00037.region001_VD27_contigs.fa_antismash	4862
VD28_contigs.fa_antismashcontig00006.region001_VD28_contigs.fa_antismash	4862
VD31_contigs.fa_antismashcontig00015.region001_VD31_contigs.fa_antismash	4862
VD32_contigs.fa_antismashcontig00033.region001_VD32_contigs.fa_antismash	4862
AS113_contigs.fa_antismashcontig00018.region001_AS113_contigs.fa_antismash	4863
HN178_contigs.fa_antismashcontig00018.region001_HN178_contigs.fa_antismash	4863
MMO-103_contigs.fa_antismashcontig00001.region001_MMO-103_contigs.fa_antismash	4863
USHLN005_contigs.fa_antismashcontig00003.region001_USHLN005_contigs.fa_antismash	4863
VD19_contigs.fa_antismashcontig00005.region001_VD19_contigs.fa_antismash	4863
VD20_contigs.fa_antismashcontig00012.region001_VD20_contigs.fa_antismash	4863
VD21_contigs.fa_antismashcontig00025.region001_VD21_contigs.fa_antismash	4863
VD22_contigs.fa_antismashcontig00001.region001_VD22_contigs.fa_antismash	4863
VD23_contigs.fa_antismashcontig00002.region001_VD23_contigs.fa_antismash	4863
VD25_contigs.fa_antismashcontig00004.region001_VD25_contigs.fa_antismash	4863
VD26_contigs.fa_antismashcontig00004.region001_VD26_contigs.fa_antismash	4863
VD27_contigs.fa_antismashcontig00006.region001_VD27_contigs.fa_antismash	4863
VD28_contigs.fa_antismashcontig00001.region002_VD28_contigs.fa_antismash	4863
VD31_contigs.fa_antismashcontig00002.region002_VD31_contigs.fa_antismash	4863
VD32_contigs.fa_antismashcontig00043.region001_VD32_contigs.fa_antismash	4863
VD24_contigs.fa_antismashcontig00010.region001_VD24_contigs.fa_antismash	4870
VD30_contigs.fa_antismashcontig00016.region001_VD30_contigs.fa_antismash	4870
VD33_contigs.fa_antismashcontig00024.region001_VD33_contigs.fa_antismash	4870
VD34_contigs.fa_antismashcontig00003.region001_VD34_contigs.fa_antismash	4875
VD34_contigs.fa_antismashcontig00005.region001_VD34_contigs.fa_antismash	4879
VD34_contigs.fa_antismashcontig00007.region001_VD34_contigs.fa_antismash	4880
VD34_contigs.fa_antismashcontig00015.region001_VD34_contigs.fa_antismash	4885
VD34_contigs.fa_antismashcontig00026.region001_VD34_contigs.fa_antismash	4892
USHLN167_contigs.fa_antismashcontig00004.region002_USHLN167_contigs.fa_antismash	4908
VD12_contigs.fa_antismashcontig00014.region001_VD12_contigs.fa_antismash	4908
VD5_contigs.fa_antismashcontig00010.region001_VD5_contigs.fa_antismash	4908
AS091_contigs.fa_antismashcontig00001.region001_AS091_contigs.fa_antismash	4910
USHLN167_contigs.fa_antismashcontig00007.region001_USHLN167_contigs.fa_antismash	4910
VD12_contigs.fa_antismashcontig00068.region001_VD12_contigs.fa_antismash	4910
VD12_contigs.fa_antismashcontig00108.region001_VD12_contigs.fa_antismash	4910
VD5_contigs.fa_antismashcontig00024.region001_VD5_contigs.fa_antismash	4910
