Gene,Non-unique Gene name,Annotation,HN020_contigs,USMM068_contigs
group_883,tuf,elongation factor Tu,BKCABM_03975,GAHHJF_09190
mnmE,mnmE,tRNA uridine-5-carboxymethylaminomethyl(34) synthesis GTPase MnmE,BKCABM_16875,GAHHJF_15470
group_882,,RND transporter,BKCABM_16935,GAHHJF_15420
recF,recF,DNA replication/repair protein RecF,BKCABM_16910,GAHHJF_15435
yidC,yidC,membrane protein insertase YidC,BKCABM_16880,GAHHJF_15465
dnaA,dnaA,chromosomal replication initiator protein DnaA,BKCABM_16900,GAHHJF_15445
rnpA,rnpA,ribonuclease P protein component,BKCABM_16890,GAHHJF_15455
group_881,,ABC transporter domain-containing protein,BKCABM_16925,GAHHJF_15425
dnaN,dnaN,DNA polymerase III subunit beta,BKCABM_16905,GAHHJF_15440
yidD,yidD,membrane protein insertion efficiency factor YidD,BKCABM_16885,GAHHJF_15460
erpA,erpA,iron-sulfur cluster insertion protein ErpA,BKCABM_16945,GAHHJF_15410
group_879,,RND transporter;RND type efflux pump,BKCABM_16940,GAHHJF_15415
gyrB,gyrB,DNA topoisomerase (ATP-hydrolyzing) subunit B,BKCABM_16915,GAHHJF_15430
rpmH,rpmH,50S ribosomal protein L34,BKCABM_16895,GAHHJF_15450
ribE,ribE,riboflavin synthase,BKCABM_16595,GAHHJF_15070
glnK,glnK,P-II family nitrogen regulator,BKCABM_16620,GAHHJF_15095
group_875,,Adenine-specific DNA methylase,BKCABM_16600,GAHHJF_15075
group_874,,ATP-dependent protease;ATP-binding protein,BKCABM_16630,GAHHJF_15105
amt,amt,Ammonium transporter,BKCABM_16615,GAHHJF_15090
nrdR,nrdR,transcriptional regulator NrdR,BKCABM_16610,GAHHJF_15085
rhtB,rhtB,Threonine transporter RhtB,BKCABM_13440,GAHHJF_12905
atpG,atpG,F0F1 ATP synthase subunit gamma,BKCABM_13380,GAHHJF_12850
atpC,atpC,F0F1 ATP synthase subunit epsilon,BKCABM_13370,GAHHJF_12840
znuC,znuC,zinc ABC transporter ATP-binding protein ZnuC,BKCABM_13425,GAHHJF_12895
atpA,atpA,F0F1 ATP synthase subunit alpha,BKCABM_13385,GAHHJF_12855
znuB,znuB,zinc ABC transporter permease subunit ZnuB,BKCABM_13430,GAHHJF_12900
group_872,,Fur family transcriptional regulator,BKCABM_13420,GAHHJF_12890
atpB,atpB,F0F1 ATP synthase subunit A,BKCABM_13405,GAHHJF_12875
atpE,atpE,F0F1 ATP synthase subunit C,BKCABM_13400,GAHHJF_12870
atpD,atpD,F0F1 ATP synthase subunit beta,BKCABM_13375,GAHHJF_12845
atpF,atpF,F0F1 ATP synthase subunit B,BKCABM_13395,GAHHJF_12865
group_871,,ATP synthase protein I,BKCABM_13410,GAHHJF_12880
atpH,atpH,F0F1 ATP synthase subunit delta,BKCABM_13390,GAHHJF_12860
group_869,,Iron-dependent peroxidase;Dyp-type peroxidase,BKCABM_13445,GAHHJF_12910
rpmB,rpmB,50S ribosomal protein L28,BKCABM_09365,GAHHJF_09920
rplK,rplK,50S ribosomal protein L11,BKCABM_10295,GAHHJF_10690
nusG,nusG,transcription termination/antitermination protein NusG,BKCABM_10300,GAHHJF_10695
thyA,thyA,thymidylate synthase,BKCABM_09310,GAHHJF_09865
group_694,,DNA 3'-5' helicase,BKCABM_09395,GAHHJF_09960
group_693,,Dihydrofolate reductase,BKCABM_09315,GAHHJF_09870
group_692,,RNA-binding protein;RRM domain-containing protein,BKCABM_09390,GAHHJF_09955
msrA,msrA,Peptide methionine sulfoxide reductase MsrA,BKCABM_09330,GAHHJF_09885
exbD,exbD,Biopolymer transporter ExbD,BKCABM_09335,GAHHJF_09890
group_688,,MotA/TolQ/ExbB proton channel family protein;MotA/TolQ/ExbB proton channel domain-containing protein,BKCABM_09340,GAHHJF_09895
rpoC,rpoC,DNA-directed RNA polymerase subunit beta',BKCABM_10270,GAHHJF_10665
rpoB,rpoB,DNA-directed RNA polymerase subunit beta,BKCABM_10275,GAHHJF_10670
group_684,,HEPN domain-containing protein,BKCABM_09385,GAHHJF_09940
purU,purU,formyltetrahydrofolate deformylase,BKCABM_09350,GAHHJF_09905
rplL,rplL,50S ribosomal protein L7/L12,BKCABM_10280,GAHHJF_10675
group_683,,YbaB/EbfC family nucleoid-associated protein;YbaB/EbfC family DNA-binding protein,BKCABM_09380,GAHHJF_09935
truA,truA,tRNA pseudouridine(38-40) synthase TruA,BKCABM_09485,GAHHJF_10025
group_682,;tetR,HTH tetR-type domain-containing protein;TetR family transcriptional regulator,BKCABM_09355,GAHHJF_09910
rplJ,rplJ,50S ribosomal protein L10,BKCABM_10285,GAHHJF_10680
group_676,,RCK N-terminal domain-containing protein,BKCABM_09375,GAHHJF_09930
group_675,araC,AraC-type DNA-binding domain and AraC-containing proteins,BKCABM_09490,GAHHJF_10030
group_674,,Aldehyde dehydrogenase,BKCABM_09360,GAHHJF_09915
rplA,rplA,50S ribosomal protein L1,BKCABM_10290,GAHHJF_10685
secE,secE,preprotein translocase subunit SecE,BKCABM_10305,GAHHJF_10700
tuf,tuf,elongation factor Tu,BKCABM_10315,GAHHJF_10710
rpmG,rpmG,50S ribosomal protein L33,BKCABM_09370,GAHHJF_09925
infA,infA,translation initiation factor IF-1,BKCABM_09495,GAHHJF_10035
xpt,xpt,xanthine phosphoribosyltransferase,BKCABM_08610,GAHHJF_07530
wrbA,wrbA,NAD(P)H:quinone oxidoreductase,BKCABM_08595,GAHHJF_07515
group_628,,UPF0761 membrane protein I6G67_01925;UPF0761 membrane protein ACIAD3168,BKCABM_08590,GAHHJF_07510
group_627,,Fumarylacetoacetate hydrolase,BKCABM_08575,GAHHJF_07495
ycxB,;ycxB,Membrane protein;YcxB family protein,BKCABM_08570,GAHHJF_07490
rnr,rnr,ribonuclease R,BKCABM_08545,GAHHJF_07460
recG,recG,ATP-dependent DNA helicase RecG,BKCABM_08275,GAHHJF_07205
group_626,,oligopeptidase A,BKCABM_08535,GAHHJF_07455
yheV,yheV,YheV family putative zinc ribbon protein,BKCABM_08530,GAHHJF_07450
plsB,plsB,glycerol-3-phosphate 1-O-acyltransferase PlsB,BKCABM_08290,GAHHJF_07220
dctM,dctM,TRAP C4-dicarboxylate transport system permease DctM subunit domain-containing protein,BKCABM_08520,GAHHJF_07445
tesB,tesB,Acyl-CoA thioesterase 2;Acyl-CoA thioesterase II,BKCABM_08295,GAHHJF_07225
group_625,,Dicarboxylate/amino acid:cation symporter,BKCABM_08300,GAHHJF_07230
group_624,,Metal-dependent hydrolase,BKCABM_08305,GAHHJF_07235
group_623,,Lipoprotein,BKCABM_08510,GAHHJF_07435
yihA,yihA,ribosome biogenesis GTP-binding protein YihA/YsxC,BKCABM_08310,GAHHJF_07240
rplN,rplN,50S ribosomal protein L14,BKCABM_08395,GAHHJF_07325
sdhE,;sdhE,succinate dehydrogenase assembly factor 2;FAD assembly factor SdhE,BKCABM_08495,GAHHJF_07420
group_622,,Helicase HerA-like C-terminal domain-containing protein;AAA+ ATPase domain-containing protein,BKCABM_08325,GAHHJF_07255
group_620,caiA;,Acyl-CoA dehydrogenase related to the alkylation response protein AidB;Acyl-CoA dehydrogenase,BKCABM_08490,GAHHJF_07415
metC,metC,Cystathionine beta-lyase,BKCABM_08330,GAHHJF_07260
rplR,rplR,50S ribosomal protein L18,BKCABM_08425,GAHHJF_07355
rplF,rplF,50S ribosomal protein L6,BKCABM_08420,GAHHJF_07350
rpsE,rpsE,30S ribosomal protein S5,BKCABM_08430,GAHHJF_07360
rpsH,rpsH,30S ribosomal protein S8,BKCABM_08415,GAHHJF_07345
rpmD,rpmD,50S ribosomal protein L30,BKCABM_08435,GAHHJF_07365
rpsN,rpsN,30S ribosomal protein S14,BKCABM_08410,GAHHJF_07340
rplP,rplP,50S ribosomal protein L16,BKCABM_08380,GAHHJF_07310
rplO,rplO,50S ribosomal protein L15,BKCABM_08440,GAHHJF_07370
rpsC,rpsC,30S ribosomal protein S3,BKCABM_08375,GAHHJF_07305
rplW,rplW,50S ribosomal protein L23,BKCABM_08355,GAHHJF_07285
rplD,rplD,50S ribosomal protein L4,BKCABM_08350,GAHHJF_07280
rplE,rplE,50S ribosomal protein L5,BKCABM_08405,GAHHJF_07335
rpmC,rpmC,50S ribosomal protein L29,BKCABM_08385,GAHHJF_07315
ethA,ethA,FAD-containing monooxygenase EthA,BKCABM_08480,GAHHJF_07410
secY,secY,preprotein translocase subunit SecY,BKCABM_08445,GAHHJF_07375
rplV,rplV,50S ribosomal protein L22,BKCABM_08370,GAHHJF_07300
rplB,rplB,50S ribosomal protein L2,BKCABM_08360,GAHHJF_07290
rplC,rplC,50S ribosomal protein L3,BKCABM_08345,GAHHJF_07275
rplX,rplX,50S ribosomal protein L24,BKCABM_08400,GAHHJF_07330
rpsS,rpsS,30S ribosomal protein S19,BKCABM_08365,GAHHJF_07295
rpsQ,rpsQ,30S ribosomal protein S17,BKCABM_08390,GAHHJF_07320
rpsM,rpsM,30S ribosomal protein S13,BKCABM_08455,GAHHJF_07385
rplQ,rplQ,50S ribosomal protein L17,BKCABM_08475,GAHHJF_07405
rpsD,rpsD,30S ribosomal protein S4,BKCABM_08465,GAHHJF_07395
rpsK,rpsK,30S ribosomal protein S11,BKCABM_08460,GAHHJF_07390
rpoA,rpoA,DNA-directed RNA polymerase subunit alpha,BKCABM_08470,GAHHJF_07400
rpmJ,rpmJ,50S ribosomal protein L36,BKCABM_08450,GAHHJF_07380
rpsJ,rpsJ,30S ribosomal protein S10,BKCABM_08340,GAHHJF_07270
fis,fis,DNA-binding transcriptional regulator Fis,BKCABM_11100,GAHHJF_04510
nuoK,nuoK,NADH-quinone oxidoreductase subunit NuoK,BKCABM_05890,GAHHJF_11405
fdxA,fdxA,ferredoxin FdxA,BKCABM_11440,GAHHJF_12005
rpsL,rpsL,30S ribosomal protein S12,BKCABM_17255,GAHHJF_10725
eno,eno,phosphopyruvate hydratase,BKCABM_10505,GAHHJF_01305
cyoE,;cyoE,Protoheme IX farnesyltransferase;heme o synthase,BKCABM_10990,GAHHJF_04595
ppsR,ppsR;,Putative phosphoenolpyruvate synthase regulatory protein,BKCABM_10950,GAHHJF_04635
group_161,,Luciferase-like domain-containing protein;LLM class flavin-dependent oxidoreductase,BKCABM_10935,GAHHJF_04645
prfA,prfA,peptide chain release factor 1,BKCABM_10920,GAHHJF_04655
ppsA,ppsA,phosphoenolpyruvate synthase,BKCABM_10955,GAHHJF_04630
cyoA,cyoA,ubiquinol oxidase subunit II,BKCABM_10970,GAHHJF_04615
cyoD,cyoD,cytochrome o ubiquinol oxidase subunit IV,BKCABM_10985,GAHHJF_04600
cyoB,cyoB,cytochrome o ubiquinol oxidase subunit I,BKCABM_10975,GAHHJF_04610
cyoC,cyoC,cytochrome o ubiquinol oxidase subunit III,BKCABM_10980,GAHHJF_04605
thiG,thiG,Thiazole synthase,BKCABM_04135,GAHHJF_02700
group_157,,DUF423 domain-containing protein,BKCABM_04125,GAHHJF_02690
rpoH,rpoH,RNA polymerase sigma factor RpoH,BKCABM_04120,GAHHJF_02685
rpsF,rpsF,30S ribosomal protein S6,BKCABM_11005,GAHHJF_04590
cspC,cspC,Cold shock protein CspA family,BKCABM_04110,GAHHJF_02680
rhlB,rhlB,ATP-dependent RNA helicase RhlB,BKCABM_04105,GAHHJF_02675
rpsR,rpsR,30S ribosomal protein S18,BKCABM_11010,GAHHJF_04585
group_155,,Putative NAD(P)H nitroreductase,BKCABM_04095,GAHHJF_02665
gpsA,;gpsA,NAD(P)H-dependent glycerol-3-phosphate dehydrogenase,BKCABM_04090,GAHHJF_02660
dnaB,dnaB,replicative DNA helicase,BKCABM_11025,GAHHJF_04570
sixA,sixA,phosphohistidine phosphatase SixA,BKCABM_04085,GAHHJF_02655
nrdD,nrdD,ribonucleoside-diphosphate reductase subunit alpha,BKCABM_05955,GAHHJF_11475
pyrD,pyrD,quinone-dependent dihydroorotate dehydrogenase,BKCABM_04070,GAHHJF_02640
group_150,,WYL domain-containing protein;Malonate decarboxylase epsilon subunit,BKCABM_11060,GAHHJF_04540
group_149,,Circularly permuted ATPgrasp domain-containing protein,BKCABM_11055,GAHHJF_04545
bfmR,bfmR,response regulator transcription factor BfmR,BKCABM_05950,GAHHJF_11470
rplI,rplI,50S ribosomal protein L9,BKCABM_11015,GAHHJF_04580
group_146,,ferredoxin--NADP(+) reductase,BKCABM_05850,GAHHJF_11375
purF,purF,amidophosphoribosyltransferase,BKCABM_04060,GAHHJF_02630
group_144,,Peptidase M48 domain-containing protein,BKCABM_04055,GAHHJF_02625
group_143,,PNPLA domain-containing protein,BKCABM_04005,GAHHJF_02575
mnmG,mnmG,tRNA uridine-5-carboxymethylaminomethyl(34) synthesis enzyme MnmG,BKCABM_11070,GAHHJF_04535
bfmS,bfmS,sensor histidine kinase BfmS,BKCABM_05945,GAHHJF_11465
gigC,gigC,LysR family transcriptional regulator GigC,BKCABM_05855,GAHHJF_11380
group_139,,Glyoxylate reductase / Glyoxylatereductase / Hydroxypyruvate reductase 2-ketoaldonate reductase broad specificity;Bifunctional glyoxylate/hydroxypyruvate reductase B,BKCABM_04045,GAHHJF_02615
group_138,,ATP-binding protein,BKCABM_04010,GAHHJF_02580
group_137,,Bile acid transporter,BKCABM_11085,GAHHJF_04525
hemJ,hemJ,protoporphyrinogen oxidase HemJ,BKCABM_17240,GAHHJF_10740
group_136,,Acyltransferase 3 domain-containing protein,BKCABM_17235,GAHHJF_10745
group_135,,Acyltransferase,BKCABM_11460,GAHHJF_12030
nuoA,;nuoA,NADH-quinone oxidoreductase subunit A,BKCABM_05935,GAHHJF_11450
prmA,prmA,50S ribosomal protein L11 methyltransferase,BKCABM_11090,GAHHJF_04520
nuoB,nuoB,NADH-quinone oxidoreductase subunit B,BKCABM_05930,GAHHJF_11445
nuoC,nuoC,NADH-quinone oxidoreductase subunit C/D,BKCABM_05925,GAHHJF_11440
nuoE,nuoE,NADH-quinone oxidoreductase subunit NuoE,BKCABM_05920,GAHHJF_11435
nuoF,nuoF,NADH-quinone oxidoreductase subunit NuoF,BKCABM_05915,GAHHJF_11430
nuoG,nuoG,NADH-quinone oxidoreductase subunit NuoG,BKCABM_05910,GAHHJF_11425
group_124,,Proteasome-type protease;Peptidase,BKCABM_11040,GAHHJF_04560
upp,upp,uracil phosphoribosyltransferase,BKCABM_05870,GAHHJF_11385
nrdB,nrdB;,ribonucleotide-diphosphate reductase subunit beta,BKCABM_05965,GAHHJF_11485
nuoH,nuoH,NADH-quinone oxidoreductase subunit NuoH,BKCABM_05905,GAHHJF_11420
nuoN,nuoN,NADH-quinone oxidoreductase subunit NuoN,BKCABM_05875,GAHHJF_11390
uspA,uspA,UspA domain-containing protein,BKCABM_11455,GAHHJF_12020
purD,purD,Phosphoribosylamine--glycine ligase;Phosphoribosylamine-glycine ligase,BKCABM_11110,GAHHJF_04500
nuoI,nuoI,NADH-quinone oxidoreductase subunit NuoI,BKCABM_05900,GAHHJF_11415
nuoM,nuoM,NADH-quinone oxidoreductase subunit M,BKCABM_05880,GAHHJF_11395
group_119,,O-methyltransferase,BKCABM_11450,GAHHJF_12015
fusA,fusA,elongation factor G,BKCABM_17265,GAHHJF_10715
pyrG,pyrG,CTP synthase,BKCABM_10515,GAHHJF_01315
yqeY,yqeY;,Uncharacterized conserved protein YqeY may have tRNA amino acid amidase activity;Glutamyl-tRNA amidotransferase,BKCABM_04035,GAHHJF_02600
tsaD,tsaD,tRNA (adenosine(37)-N6)-threonylcarbamoyltransferase complex transferase subunit TsaD,BKCABM_04025,GAHHJF_02590
purH,purH,bifunctional phosphoribosylaminoimidazolecarboxamide formyltransferase/IMP cyclohydrolase,BKCABM_11105,GAHHJF_04505
group_116,,Peptidase M15A C-terminal domain-containing protein,BKCABM_11445,GAHHJF_12010
nuoJ,nuoJ,NADH-quinone oxidoreductase subunit J,BKCABM_05895,GAHHJF_11410
nuoL,nuoL,NADH-quinone oxidoreductase subunit L,BKCABM_05885,GAHHJF_11400
rpsG,rpsG,30S ribosomal protein S7,BKCABM_17260,GAHHJF_10720
kdsA,kdsA,3-deoxy-8-phosphooctulonate synthase,BKCABM_10510,GAHHJF_01310
ftsB,ftsB,Cell division protein FtsB;cell division protein FtsB,BKCABM_10500,GAHHJF_01300
rpsU,rpsU,30S ribosomal protein S21,BKCABM_04030,GAHHJF_02595
fabB,fabB,3-oxoacyl-(acyl-carrier-protein) synthase,BKCABM_17245,GAHHJF_10735
group_880,,Nuclear transport factor 2 family protein,BKCABM_16920,
group_878,,RND transporter,BKCABM_16930,
group_877,ribD,bifunctional diaminohydroxyphosphoribosylaminopyrimidine deaminase/5-amino-6-(5-phosphoribosylamino)uracil reductase RibD,,GAHHJF_15080
group_876,,Membrane fusogenic activity,,GAHHJF_15100
ribD,ribD,bifunctional diaminohydroxyphosphoribosylaminopyrimidine deaminase/5-amino-6-(5-phosphoribosylamino)uracil reductase RibD,BKCABM_16605,
ubiK,ubiK,Accessory factor UbiK family protein,BKCABM_16625,
group_873,,Zinc ABC transporter substrate-binding protein,,GAHHJF_12885
group_870,,DUF523 domain-containing protein,BKCABM_13435,
group_868,,Zinc ABC transporter substrate-binding protein,BKCABM_13415,
group_867,,PNPLA domain-containing protein,BKCABM_09930,
group_866,leuB,3-isopropylmalate dehydrogenase,,GAHHJF_10045
group_865,,DUF456 domain-containing protein,,GAHHJF_10615
leuB,leuB,3-isopropylmalate dehydrogenase,BKCABM_09515,
group_864,,DUF2061 domain-containing protein,BKCABM_09535,
group_863,,DUF2061 domain-containing protein,,GAHHJF_10065
slyX,slyX,SlyX protein,,GAHHJF_09980
group_862,,Metallo-beta-lactamase domain-containing protein,BKCABM_09760,
group_861,,Lipoprotein,BKCABM_09665,
group_860,,DUF2789 domain-containing protein,BKCABM_09550,
group_859,,Phi X174 lysis protein,BKCABM_09440,
rpmE2,rpmE2,type B 50S ribosomal protein L31,,GAHHJF_10190
group_858,,HAD-IB family hydrolase,,GAHHJF_10080
group_857,leuD,3-isopropylmalate dehydratase small subunit,,GAHHJF_10055
group_856,,Putative hydrolase haloacid dehalogenase-like family,BKCABM_09555,
leuD,leuD,3-isopropylmalate dehydratase small subunit,BKCABM_09525,
group_855,,Glycosyltransferase subfamily 4-like N-terminal domain-containing protein,,GAHHJF_09995
group_854,tusA,sulfurtransferase TusA,,GAHHJF_10235
group_853,,tRNA (guanine(46)-N(7))-methyltransferase,BKCABM_09745,
tusA,tusA,sulfurtransferase TusA,BKCABM_09795,
group_852,,Endonuclease/exonuclease/phosphatase domain-containing protein,BKCABM_09460,
group_851,,Endonuclease/exonuclease/phosphatase domain-containing protein,,GAHHJF_10005
group_850,,DUF465 domain-containing protein,BKCABM_09860,
group_849,asd,aspartate-semialdehyde dehydrogenase,,GAHHJF_10010
asd,asd,aspartate-semialdehyde dehydrogenase,BKCABM_09465,
group_848,,ASCH domain-containing protein,,GAHHJF_09945
group_847,fimV,FimV domain-containing protein,,GAHHJF_10015
group_846,rpsO,30S ribosomal protein S15,,GAHHJF_10305
group_845,ubiJ,Ubiquinone biosynthesis accessory factor UbiJ,,GAHHJF_10380
group_844,,HAD hydrolase family IA,,GAHHJF_10125
rpsO,rpsO,30S ribosomal protein S15,BKCABM_09875,
cdiI,cdiI,CdiI immunity protein domain-containing protein,BKCABM_10180,
group_843,,monovalent cation/H+ antiporter subunit F,,GAHHJF_10425
group_842,,HAD family hydrolase,BKCABM_09630,
group_841,,monovalent cation/H+ antiporter subunit F,BKCABM_09980,
pspC,pspC,DNA-binding transcriptional activator PspC,BKCABM_09670,
group_840,,TIGR00341 family protein,BKCABM_09585,
group_839,,DUF1345 domain-containing protein,,GAHHJF_10110
group_838,,DUF1345 domain-containing protein,BKCABM_09625,
group_837,,Selenocysteine synthase,BKCABM_10220,
group_836,,Glycerate kinase,BKCABM_09400,
hemW,hemW,radical SAM family heme chaperone HemW,,GAHHJF_10160
group_835,metC,cystathionine beta-lyase,,GAHHJF_10200
group_834,,Dithiol-disulfide isomerase,BKCABM_10195,
ubiJ,ubiJ,Ubiquinone biosynthesis accessory factor UbiJ,BKCABM_09920,
group_833,,DSBA-like thioredoxin domain-containing protein,,GAHHJF_10610
group_832,fadA,acetyl-CoA C-acyltransferase FadA,,GAHHJF_10595
group_831,,HTH deoR-type domain-containing protein,,GAHHJF_10120
fadA,fadA,acetyl-CoA C-acyltransferase FadA,BKCABM_10160,
group_830,,Lipoprotein,BKCABM_10175,
group_829,,Selenocysteine synthase,,GAHHJF_10620
group_828,ecsC,EcsC family protein,,GAHHJF_10370
group_827,,Pili assembly chaperone N-terminal domain-containing protein,,GAHHJF_10355
group_826,ecsC,EcsC family protein,BKCABM_09910,
group_825,ppnP,Pyrimidine/purine nucleoside phosphorylase,BKCABM_10075,
ppnP,ppnP,Pyrimidine/purine nucleoside phosphorylase,,GAHHJF_10510
group_824,secG,preprotein translocase subunit SecG,,GAHHJF_10470
group_823,gspF,type II secretion system inner membrane protein GspF,,GAHHJF_10260
group_822,,TIGR03862 family flavoprotein,,GAHHJF_10215
group_821,gspF,type II secretion system inner membrane protein GspF,BKCABM_09825,
secG,secG,preprotein translocase subunit SecG,BKCABM_10035,
group_820,,Type 1 fimbrial protein,,GAHHJF_10345
hopJ,hopJ,HopJ type III effector protein,,GAHHJF_10195
group_819,,Transporter,BKCABM_09815,
group_818,,TIGR03862 family flavoprotein,BKCABM_09740,
csaA,csaA,tRNA-binding protein,BKCABM_09810,
corA,corA,Magnesium and cobalt transporter CorA,,GAHHJF_10295
group_817,,hypothetical protein,,GAHHJF_10250
group_816,lprI,Lysozyme inhibitor LprI N-terminal domain-containing protein,BKCABM_10230,
group_815,,DUF2185 domain-containing protein,BKCABM_10140,
group_814,gspF,Type II secretion system protein GspF domain-containing protein,,GAHHJF_10485
group_813,,DUF1311 domain-containing protein,,GAHHJF_10635
gspF,gspF,Type II secretion system protein GspF domain-containing protein,BKCABM_10050,
group_812,,Lipoprotein,BKCABM_09450,
merR,merR,MerR family transcriptional regulator,,GAHHJF_10285
group_811,,DNA transfer protein p32,,GAHHJF_10660
group_810,,YMGG-like Gly-zipper domain-containing protein,BKCABM_10255,
group_809,,Magnesium Mg(2+)/cobalt Co(2+) transport protein,BKCABM_09865,
cbpM,cbpM,Chaperone-modulator protein CbpM,BKCABM_09855,
group_808,rlmB,23S rRNA (guanosine(2251)-2'-O)-methyltransferase RlmB,,GAHHJF_10505
group_807,,Acyl-CoA dehydrogenase C-terminal domain-containing protein,,GAHHJF_10175
group_806,,Lipase chaperone,BKCABM_10185,
rlmB,rlmB,23S rRNA (guanosine(2251)-2'-O)-methyltransferase RlmB,BKCABM_10070,
group_805,,Na+/H+ antiporter subunit C,BKCABM_09965,
group_804,sfnB,SfnB family sulfur acquisition oxidoreductase,,GAHHJF_10180
group_803,,Na+/H+ antiporter subunit C,,GAHHJF_10410
group_802,,hypothetical protein,BKCABM_09415,
group_801,,hypothetical protein,,GAHHJF_10605
group_800,tonB,TonB C-terminal domain-containing protein,BKCABM_09345,
crcB,crcB,fluoride efflux transporter CrcB,,GAHHJF_10290
group_799,,3-hydroxybenzoate 6-hydroxylase,BKCABM_09940,
group_798,,HTH iclR-type domain-containing protein,BKCABM_10110,
group_797,hisIE,bifunctional phosphoribosyl-AMP cyclohydrolase/phosphoribosyl-ATP diphosphatase HisIE,,GAHHJF_10390
group_796,,Alpha/beta hydrolase,BKCABM_09720,
group_795,,DUF1311 domain-containing protein,,GAHHJF_10040
group_794,,Transcriptional regulator,,GAHHJF_10550
group_793,,Beta-lactamase-related domain-containing protein,,GAHHJF_10310
group_792,,ABC1 atypical kinase-like domain-containing protein,,GAHHJF_10185
gltP,gltP,glutamate/aspartate:proton symporter GltP,,GAHHJF_10000
group_791,,Beta-lactamase-related domain-containing protein,BKCABM_09880,
group_790,,Signal peptide-containing protein,BKCABM_09695,
group_789,,Lipoprotein,BKCABM_09500,
group_788,,hypothetical protein,,GAHHJF_10515
group_787,,Methyltransferase type 11 domain-containing protein,BKCABM_09725,
group_786,fimV,Fimbrial protein FimV,BKCABM_09475,
group_785,tonB,TonB C-terminal domain-containing protein,,GAHHJF_09900
hisIE,hisIE,bifunctional phosphoribosyl-AMP cyclohydrolase/phosphoribosyl-ATP diphosphatase HisIE,BKCABM_09945,
group_784,,Na+/H+ antiporter subunit G,BKCABM_09985,
group_783,rbfA,ribosome-binding factor A,,GAHHJF_10435
group_782,,Na+/H+ antiporter subunit G,,GAHHJF_10430
rbfA,rbfA,ribosome-binding factor A,BKCABM_09990,
group_781,,Acyl-CoA thioesterase II,,GAHHJF_10570
group_780,tpiA,triose-phosphate isomerase,BKCABM_10040,
group_779,,DUF304 domain-containing protein,BKCABM_10145,
group_778,,Acyl-CoA thioesterase II,BKCABM_10130,
group_777,,Putative glutathione-dependent formaldehyde-activating enzyme,BKCABM_09735,
group_776,,CENP-V/GFA domain-containing protein,,GAHHJF_10210
tpiA,tpiA,triose-phosphate isomerase,,GAHHJF_10475
group_775,,Major facilitator superfamily (MFS) profile domain-containing protein,,GAHHJF_10335
aroE,aroE,shikimate dehydrogenase,,GAHHJF_10230
group_774,,MATE efflux family protein,,GAHHJF_10170
group_773,,Lipoprotein,BKCABM_09510,
drt2,drt2,antiviral reverse transcriptase Drt2,BKCABM_10165,
group_772,,Rad50/SbcC-type AAA domain-containing protein,BKCABM_09955,
fimV,fimV,FimV domain-containing protein,BKCABM_09470,
group_771,,Rad50/SbcC-type AAA domain-containing protein,,GAHHJF_10400
group_770,gspG,type II secretion system major pseudopilin GspG,BKCABM_09820,
group_769,ruvX,Holliday junction resolvase RuvX,,GAHHJF_10530
ruvX,ruvX,Holliday junction resolvase RuvX,BKCABM_10090,
group_768,,Lipoprotein,BKCABM_09690,
group_767,,Nudix hydrolase domain-containing protein,BKCABM_09420,
group_766,,CBS domain-containing protein,,GAHHJF_10240
group_765,,Permease,BKCABM_10240,
group_764,,CBS domain-containing protein,BKCABM_09800,
group_763,,Lipid A biosynthesis acyltransferase,,GAHHJF_09990
group_762,,Ammonium transporter AmtB-like domain-containing protein,,GAHHJF_09970
group_761,,Ammonium transporter,BKCABM_09430,
group_760,leuC,3-isopropylmalate dehydratase large subunit,,GAHHJF_10060
group_759,,Carboxymuconolactone decarboxylase-like domain-containing protein,BKCABM_09405,
yuiF,yuiF,putative histidine transporter YuiF NhaC family,,GAHHJF_10645
group_758,,Polyphosphate kinase-2-related domain-containing protein,,GAHHJF_10340
group_757,,HTH araC/xylS-type domain-containing protein,,GAHHJF_10560
pap,pap,Polyphosphate:AMP phosphotransferase,BKCABM_09905,
group_756,,DUF2147 domain-containing protein,BKCABM_09845,
group_755,,HTH asnC-type domain-containing protein,BKCABM_09580,
leuC,leuC,Homoaconitase/3-isopropylmalate dehydratase large subunit,BKCABM_09530,
group_754,,DUF306 domain-containing protein,BKCABM_09325,
group_753,,DMT family transporter,,GAHHJF_10165
cmpR,cmpR,HTH-type transcriptional activator CmpR,BKCABM_09540,
group_752,,Prepilin leader peptidase/N-methyltransferase,,GAHHJF_10490
group_751,,Prepilin leader peptidase/N-methyltransferase,BKCABM_10055,
group_750,,Alpha/beta hydrolase,BKCABM_10245,
tehB,tehB,SAM-dependent methyltransferase TehB,BKCABM_10170,
group_749,,Selenocysteine synthase,,GAHHJF_10625
murI,murI,glutamate racemase,BKCABM_09775,
group_748,,Lrp/AsnC family transcriptional regulator,,GAHHJF_10205
group_747,,HTH lysR-type domain-containing protein,,GAHHJF_10070
group_746,nusA,Transcription antitermination factor NusA contains S1 and KH domains,,GAHHJF_10445
group_745,hslO,Hsp33 family molecular chaperone HslO,,GAHHJF_10275
nusA,nusA,Transcription antitermination factor NusA contains S1 and KH domains,BKCABM_10000,
hslO,hslO,Hsp33 family molecular chaperone HslO,BKCABM_09840,
group_744,recB,3’-5’ helicase subunit RecB of the DNA repair enzyme RecBCD (exonuclease V),,GAHHJF_10395
group_743,,DNA 3'-5' helicase,BKCABM_09950,
group_742,rppH,RNA pyrophosphohydrolase,BKCABM_09560,
group_741,,AB hydrolase-1 domain-containing protein,,GAHHJF_10650
group_740,,DUF4442 domain-containing protein,,GAHHJF_10655
group_739,,DUF4442 domain-containing protein,BKCABM_10250,
group_738,,DUF306 domain-containing protein,,GAHHJF_09880
group_737,lnt,apolipoprotein N-acyltransferase,BKCABM_09805,
lnt,lnt,apolipoprotein N-acyltransferase,,GAHHJF_10245
group_736,hcaR,DNA-binding transcriptional regulator HcaR,BKCABM_09620,
rppH,rppH,RNA pyrophosphohydrolase,,GAHHJF_10085
group_735,,2-octaprenylphenol hydroxylase,,GAHHJF_10385
group_734,,ABC1 atypical kinase-like domain-containing protein,BKCABM_09925,
group_733,,DUF697 domain-containing protein,,GAHHJF_10330
group_732,,DUF2628 domain-containing protein,BKCABM_09545,
group_731,,hypothetical protein,BKCABM_09600,
group_730,lpxO,lipid A hydroxylase LpxO,,GAHHJF_10585
group_729,,acyl-CoA dehydrogenase family protein,BKCABM_09590,
hcaR,hcaR,DNA-binding transcriptional regulator HcaR,,GAHHJF_10105
lpxO,lpxO,lipid A hydroxylase LpxO,BKCABM_10150,
group_728,recN,DNA repair protein RecN,,GAHHJF_10520
recN,recN,DNA repair protein RecN,BKCABM_10080,
group_727,eamA,EamA domain-containing protein,BKCABM_10065,
group_726,,Peptide signal,BKCABM_10190,
gspG,gspG,type II secretion system major pseudopilin GspG,,GAHHJF_10255
group_725,,Na+/H+ antiporter subunit E,BKCABM_09975,
group_724,,Signal peptide protein YSIRK family,BKCABM_09700,
group_723,rimP,ribosome maturation factor RimP,,GAHHJF_10450
rimP,rimP,ribosome maturation factor RimP,BKCABM_10005,
group_722,pilB,type IV-A pilus assembly ATPase PilB,BKCABM_10045,
group_721,,Electron transfer flavoprotein-ubiquinone oxidoreductase,BKCABM_09785,
pilB,pilB,type IV-A pilus assembly ATPase PilB,,GAHHJF_10480
group_720,,Na+/H+ antiporter subunit E,,GAHHJF_10420
group_719,eamA,EamA domain-containing protein,,GAHHJF_10500
group_718,,Secreted protein,BKCABM_09790,
group_717,,Pseudouridine synthase,,GAHHJF_10130
group_716,,Fimbrial-type adhesion domain-containing protein,,GAHHJF_10350
group_715,recD,exodeoxyribonuclease V subunit alpha,BKCABM_09885,
recD,recD,exodeoxyribonuclease V subunit alpha,,GAHHJF_10315
group_714,uvrC,excinuclease ABC subunit UvrC,BKCABM_10135,
group_713,,ABC transporter ATP-binding protein,BKCABM_10120,
group_712,,Pseudouridine synthase,BKCABM_09635,
group_711,,Cation efflux protein cytoplasmic domain-containing protein,BKCABM_09615,
lpxL,lpxL,Lipid A biosynthesis acyltransferase,BKCABM_09455,
group_710,,DUF2382 domain-containing protein,BKCABM_10260,
uvrC,uvrC,excinuclease ABC subunit UvrC,,GAHHJF_10575
group_709,,monovalent cation/H+ antiporter subunit D,,GAHHJF_10415
group_708,,monovalent cation/H+ antiporter subunit D,BKCABM_09970,
group_707,,J domain-containing protein,,GAHHJF_10280
group_706,,DUF697 domain-containing protein,BKCABM_09900,
group_705,ubiE,bifunctional demethylmenaquinone methyltransferase/2-methoxy-6-polyprenyl-14-benzoquinol methylase UbiE,,GAHHJF_10375
ubiE,ubiE,bifunctional demethylmenaquinone methyltransferase/2-methoxy-6-polyprenyl-14-benzoquinol methylase UbiE,BKCABM_09915,
group_704,,RCK N-terminal domain-containing protein,,GAHHJF_10270
group_703,,long-chain-acyl-CoA synthetase,,GAHHJF_10140
group_702,,RCK N-terminal domain-containing protein,BKCABM_09835,
group_701,,long-chain-acyl-CoA synthetase,BKCABM_09645,
group_700,,J domain-containing protein,BKCABM_09850,
group_699,,2-hydroxyacid dehydrogenase,BKCABM_09710,
algH,algH,YqgE/AlgH family protein,,GAHHJF_10525
group_698,,ATP-binding protein Uup,BKCABM_09445,
uup,uup,ATPase components of ABC transporters with duplicated ATPase domains,,GAHHJF_09985
group_697,,YqgE/AlgH family protein,BKCABM_10085,
group_696,htpG,molecular chaperone HtpG,BKCABM_10225,
htpG,htpG,molecular chaperone HtpG,,GAHHJF_10630
group_695,,Serine hydrolase family protein,,GAHHJF_10600
ftsK,ftsK,DNA translocase FtsK 4TM region domain-containing protein,BKCABM_10265,
group_691,,hypothetical protein,BKCABM_09730,
group_690,,L-asparaginase N-terminal domain-containing protein,BKCABM_09480,
group_689,,Lipoprotein,BKCABM_09520,
ahpC,ahpC,alkyl hydroperoxide reductase subunit C,,GAHHJF_10155
group_687,,hypothetical protein,BKCABM_09705,
group_686,,hypothetical protein,BKCABM_10215,
group_685,,L-asparaginase N-terminal domain-containing protein,,GAHHJF_10020
hdeD,hdeD,HdeD protein,BKCABM_09410,
group_681,,Lipoprotein,,GAHHJF_10050
glyS,glyS,Glycine--tRNA ligase beta subunit,BKCABM_09685,
group_680,,Fusaric acid resistance protein conserved region,BKCABM_10105,
glyQ,glyQ,glycine--tRNA ligase subunit alpha,BKCABM_09680,
group_679,,PIN-like domain-containing protein,BKCABM_09435,
group_678,,Fusaric acid resistance protein conserved region,,GAHHJF_10545
group_677,pnp,polyribonucleotide nucleotidyltransferase,,GAHHJF_10300
pnp,pnp,polyribonucleotide nucleotidyltransferase,BKCABM_09870,
group_673,,NlpC/P60 domain-containing protein,,GAHHJF_10580
group_672,,PIN-like domain-containing protein,,GAHHJF_09975
group_671,fadB,fatty acid oxidation complex subunit alpha FadB,,GAHHJF_10590
fadB,fadB,fatty acid oxidation complex subunit alpha FadB,BKCABM_10155,
group_670,pgsA,CDP-diacylglycerol--glycerol-3-phosphate 3-phosphatidyltransferase,,GAHHJF_10565
group_669,katG,catalase/peroxidase HPI,,GAHHJF_10095
pgsA,pgsA,CDP-diacylglycerol--glycerol-3-phosphate 3-phosphatidyltransferase,BKCABM_10125,
katG,katG,catalase/peroxidase HPI,BKCABM_09605,
ovoA,ovoA,SAM-dependent methyltransferase,,GAHHJF_10075
group_668,,Membrane fusion protein biotin-lipoyl like domain-containing protein,BKCABM_10095,
group_667,priA,primosomal protein N',BKCABM_09830,
priA,priA,primosomal protein N',,GAHHJF_10265
group_666,,Membrane fusion protein biotin-lipoyl like domain-containing protein,,GAHHJF_10535
group_665,ptsP,phosphoenolpyruvate--protein phosphotransferase,,GAHHJF_10090
ptsP,ptsP,phosphoenolpyruvate--protein phosphotransferase,BKCABM_09565,
group_664,coaE,dephospho-CoA kinase,,GAHHJF_10495
coaE,coaE,dephospho-CoA kinase,BKCABM_10060,
group_663,,ASCH domain-containing protein,,GAHHJF_09950
group_662,,tRNA (guanine(46)-N(7))-methyltransferase,,GAHHJF_10220
group_661,,hypothetical protein,BKCABM_09505,
group_660,,Outer membrane protein W,BKCABM_10235,
group_659,,GST N-terminal domain-containing protein,,GAHHJF_10115
hemH,hemH,ferrochelatase,BKCABM_09765,
group_658,,hypothetical protein,BKCABM_10205,
group_657,,Fe2OG dioxygenase domain-containing protein,,GAHHJF_10555
papC,papC,PapC N-terminal domain-containing protein,,GAHHJF_10360
group_656,,DUF4062 domain-containing protein,BKCABM_09770,
group_655,,CBS domain-containing protein,BKCABM_09675,
group_654,yacG,DNA gyrase inhibitor YacG,BKCABM_09750,
group_653,,hypothetical protein,BKCABM_09935,
group_652,,DUF1285 domain-containing protein,BKCABM_09780,
group_651,topA,type I DNA topoisomerase,BKCABM_09425,
topA,topA,type I DNA topoisomerase,,GAHHJF_09965
group_650,,Phosphatidate cytidylyltransferase,BKCABM_09755,
group_649,,DUF2274 domain-containing protein,BKCABM_10210,
group_648,infB,translation initiation factor IF-2,BKCABM_09995,
infB,infB,translation initiation factor IF-2,,GAHHJF_10440
group_647,lysE,Lysine transporter LysE,BKCABM_09575,
yacG,yacG,DNA gyrase inhibitor YacG,,GAHHJF_10225
arfA,arfA,Ribosome alternative rescue factor ArfA,BKCABM_09570,
ccmD,ccmD,CcmD family protein,BKCABM_09715,
group_646,,DUF4105 domain-containing protein,BKCABM_09320,
group_645,,TetR/AcrR family transcriptional regulator,BKCABM_09595,
group_644,nha,monovalent cation/H+ antiporter subunit A,BKCABM_09960,
nha,nha,monovalent cation/H+ antiporter subunit A,,GAHHJF_10405
group_643,,Dodecin domain-containing protein,BKCABM_10200,
group_642,,Metallo-beta-lactamase domain-containing protein,,GAHHJF_10100
group_641,,DUF1656 domain-containing protein,BKCABM_10100,
group_640,ompW,OmpW family protein,,GAHHJF_10640
group_639,,DUF1656 domain-containing protein,,GAHHJF_10540
group_638,,Metallo-beta-lactamase domain-containing protein,BKCABM_09610,
group_637,,DUF4105 domain-containing protein,,GAHHJF_09875
group_636,,Ribonuclease E,,GAHHJF_10135
group_635,,Rne/Rng family ribonuclease,BKCABM_09640,
group_634,recC,RecBCD enzyme subunit RecC,,GAHHJF_10325
recC,recC,RecBCD enzyme subunit RecC,BKCABM_09895,
group_633,recB,RecBCD enzyme subunit RecB,,GAHHJF_10320
recB,recB,RecBCD enzyme subunit RecB,BKCABM_09890,
group_632,,Fe2OG dioxygenase domain-containing protein,BKCABM_10115,
group_631,,Fimbrial-type adhesion domain-containing protein,,GAHHJF_10365
group_630,,Class I glutamine amidotransferase,BKCABM_08335,
nsrR,nsrR,HTH-type transcriptional repressor NsrR,BKCABM_08315,
group_629,lysE,LysE family translocator,,GAHHJF_07520
group_621,,Globin family profile domain-containing protein,,GAHHJF_07250
group_619,,Glycine zipper domain-containing protein,BKCABM_08600,
group_618,,Msl2237 protein,BKCABM_08285,
group_617,,Major facilitator superfamily (MFS) profile domain-containing protein,,GAHHJF_07500
group_616,rrtA,rhombosortase,BKCABM_08515,
group_615,cptA,Toxin CptA,,GAHHJF_07425
group_614,,Glycine zipper domain-containing protein,,GAHHJF_07525
group_613,,Rrf2 family transcriptional regulator,,GAHHJF_07245
group_612,,Vancomycin resistance protein,BKCABM_08540,
cptA,cptA,Toxin CptA,BKCABM_08500,
rrtA,rrtA,rhombosortase,,GAHHJF_07440
group_611,,hypothetical protein,,GAHHJF_07430
group_610,,DUF2970 domain-containing protein,BKCABM_08505,
group_609,,Alpha/beta hydrolase,BKCABM_08485,
group_608,,RND transporter,,GAHHJF_07215
group_607,,hypothetical protein,BKCABM_08525,
group_606,,HTH lysR-type domain-containing protein,,GAHHJF_07505
group_605,,HTH araC/xylS-type domain-containing protein,BKCABM_08580,
hmpA,hmpA,NO-inducible flavohemoprotein,BKCABM_08320,
group_604,,GGDEF (Diguanylate cyclase) domain-containing protein,BKCABM_08605,
group_603,,NAD(P)-binding domain-containing protein,,GAHHJF_07210
group_602,,GMP synthase,,GAHHJF_07265
group_601,eamA,EamA domain-containing protein,BKCABM_08585,
group_600,,NAD(P)-binding domain-containing protein,BKCABM_08280,
group_599,,Bacterial collagen-like protein middle domain-containing protein,,GAHHJF_07480
group_598,,hypothetical protein,BKCABM_05025,
group_597,,DUF2171 domain-containing protein,BKCABM_04645,
group_596,,Ferredoxin 2Fe-2S,BKCABM_04570,
bioD,bioD,dethiobiotin synthase,,GAHHJF_10820
serC,serC,3-phosphoserine/phosphohydroxythreonine transaminase,BKCABM_04875,
group_595,,UPF0033 domain-containing protein,BKCABM_04115,
group_594,,DUF4124 domain-containing protein,,GAHHJF_11165
group_593,,hypothetical protein,,GAHHJF_11365
acpP,acpP,acyl carrier protein,,GAHHJF_10765
group_592,,Lipoprotein,,GAHHJF_01660
group_591,,STAS domain-containing protein,,GAHHJF_02620
group_590,,YiaAB two helix domain-containing protein,BKCABM_10750,
ompW,ompW,OmpW family outer membrane protein,BKCABM_04860,
group_589,,Low-complexity protein,,GAHHJF_01690
group_588,,OmpR/PhoB-type domain-containing protein,,GAHHJF_01545
virS,virS,HTH-type transcriptional regulator VirS,BKCABM_11115,
group_587,,ABC-2 type transporter transmembrane domain-containing protein,BKCABM_04895,
adaA,adaA,Bifunctional transcriptional activator/DNA repair enzyme AdaA,BKCABM_04710,
group_586,,HTH iclR-type domain-containing protein,BKCABM_11355,
group_585,,Initiator Rep protein domain-containing protein,BKCABM_10610,
ychF,ychF,redox-regulated ATPase YchF,,GAHHJF_01785
adeS,adeS,two-component sensor histidine kinase AdeS,,GAHHJF_01600
aroC,aroC,chorismate synthase,,GAHHJF_01435
group_584,,Transcriptional regulator,BKCABM_10605,
yqiJ,yqiJ,Inner membrane protein yqiJ,BKCABM_05410,
group_583,,Serine aminopeptidase S33 domain-containing protein,BKCABM_04435,
hisC,hisC,histidinol-phosphate transaminase,BKCABM_04455,
pmrA,pmrA,DNA-binding response regulator PmrA,,GAHHJF_02150
group_582,,Serine aminopeptidase S33 domain-containing protein,BKCABM_10540,
group_581,,hypothetical protein,,GAHHJF_02000
group_580,,C2H2-type domain-containing protein,,GAHHJF_01460
queG,queG,tRNA epoxyqueuosine(34) reductase QueG,,GAHHJF_01485
group_579,,Molybdopterin synthase sulfur carrier subunit,BKCABM_04765,
group_578,,Abasic site processing protein,BKCABM_11175,
filA,filA,Pilus assembly protein FilA,,GAHHJF_11190
group_577,,RND efflux pump membrane fusion protein barrel-sandwich domain-containing protein,,GAHHJF_11170
rlmE,rlmE,23S rRNA (uridine(2552)-2'-O)-methyltransferase RlmE,BKCABM_05325,
esvE2,esvE2,EsvE2,BKCABM_04805,
rpmA,rpmA,50S ribosomal protein L27,BKCABM_05765,
group_576,yfhL,YfhL family 4Fe-4S dicluster ferredoxin,BKCABM_04585,
csrA,csrA,carbon storage regulator CsrA,BKCABM_04375,
group_575,,SCP2 domain-containing protein,,GAHHJF_02225
group_574,,hypothetical protein,,GAHHJF_01345
group_573,glnL,nitrogen regulation protein NR(II),,GAHHJF_02400
group_572,,Tetratricopeptide repeat protein,,GAHHJF_01655
group_571,,RND efflux pump membrane fusion protein barrel-sandwich domain-containing protein,,GAHHJF_01615
glnL,glnL,nitrogen regulation protein NR(II),BKCABM_10715,
pheA,pheA,prephenate dehydratase,BKCABM_04460,
group_570,gltS,sodium/glutamate symporter,,GAHHJF_01585
catB,catB,Muconate cycloisomerase 1,,GAHHJF_02040
group_569,,Transglycosylase SLT domain-containing protein,BKCABM_05200,
areB,areB,AreB,,GAHHJF_02115
group_568,,ABC transmembrane type-1 domain-containing protein,,GAHHJF_01780
group_567,,Transposase,BKCABM_11415,
group_566,,Copper resistance protein B,,GAHHJF_01815
group_565,,HK97 family phage prohead protease,BKCABM_11295,
yfhL,yfhL,YfhL family 4Fe-4S dicluster ferredoxin,BKCABM_05520,
lipB,lipB,lipoyl(octanoyl) transferase LipB,BKCABM_05695,
ribB,ribB,34-dihydroxy-2-butanone 4-phosphate synthase,BKCABM_05630,
group_564,,Elongation factor P hydroxylase,,GAHHJF_10790
group_563,rpsT,30S ribosomal protein S20,BKCABM_10580,
group_562,,DUF1315 domain-containing protein,BKCABM_04490,
group_561,,DUF4112 domain-containing protein,BKCABM_05230,
group_560,,DNA-binding response regulator,BKCABM_04525,
rpsT,rpsT,30S ribosomal protein S20,,GAHHJF_02300
group_559,,PLD phosphodiesterase domain-containing protein,BKCABM_10800,
group_558,,NAD-dependent epimerase/dehydratase domain-containing protein,,GAHHJF_02295
group_557,,Semialdehyde dehydrogenase NAD-binding domain-containing protein,BKCABM_10575,
group_556,tonB,Energy transducer TonB,BKCABM_04050,
group_555,,phage integrase Arm DNA-binding domain-containing protein,BKCABM_11435,
himA,himA,Bacterial nucleoid DNA-binding protein IHF-alpha,,GAHHJF_02215
group_554,,ABC-2 type transporter transmembrane domain-containing protein,BKCABM_04890,
dapE,dapE,succinyl-diaminopimelate desuccinylase,,GAHHJF_11135
group_553,,hypothetical protein,BKCABM_11405,
group_552,,Toxic anion resistance protein,BKCABM_04600,
group_551,,Isochorismatase-like domain-containing protein,BKCABM_04015,
group_550,,Acyl-CoA dehydrogenase,BKCABM_10870,
group_549,,Peptidase S12 Pab87-related C-terminal domain-containing protein,BKCABM_05045,
group_548,,RCK N-terminal domain-containing protein,,GAHHJF_02460
rpiA,rpiA,ribose-5-phosphate isomerase RpiA,,GAHHJF_02450
group_547,gspL,type II secretion system protein GspL,,GAHHJF_02650
group_546,,GP-PDE domain-containing protein,BKCABM_05245,
group_545,,KTSC domain-containing protein,BKCABM_05135,
gspL,gspL,type II secretion system protein GspL,BKCABM_04080,
attH,attH,AttH domain-containing protein,,GAHHJF_02585
group_544,,YgjP-like metallopeptidase domain-containing protein,,GAHHJF_02445
carA,carA,carbamoyl phosphate synthase small subunit,BKCABM_05345,
group_543,,Acyl-CoA dehydrogenase,BKCABM_04470,
yrfG,yrfG,GMP/IMP nucleotidase YrfG,BKCABM_10625,
tetR,tetR,TetR family transcriptional regulator,BKCABM_05825,
group_542,,Putative transposase,,GAHHJF_02010
group_541,,SAM-dependent methyltransferase,BKCABM_04190,
group_540,,Hydrolase,,GAHHJF_10750
hisM,hisM,ABC-type amino acid transport system permease component,,GAHHJF_01735
group_539,,MFS transporter,BKCABM_05280,
group_538,,Heparan-alpha-glucosaminide N-acetyltransferase catalytic domain-containing protein,BKCABM_05165,
group_537,,hypothetical protein,BKCABM_04415,
group_536,,RND efflux pump membrane fusion protein barrel-sandwich domain-containing protein,BKCABM_04885,
group_535,,Phage gp6-like head-tail connector protein,BKCABM_11280,
catC,catC,muconolactone Delta-isomerase,,GAHHJF_02035
bioF,bioF,8-amino-7-oxononanoate synthase,,GAHHJF_10830
group_534,,CSD domain-containing protein,BKCABM_05865,
group_533,,DUF493 domain-containing protein,BKCABM_05690,
gldA,gldA,Alcohol dehydrogenase iron-type/glycerol dehydrogenase GldA domain-containing protein,,GAHHJF_01805
group_532,,Fatty acid and hydrocarbon transporter (SalD),,GAHHJF_02125
rplY,rplY,50S ribosomal protein L25,BKCABM_05605,
group_531,mutS,DNA mismatch repair protein MutS,BKCABM_05090,
group_530,,TM2 domain-containing protein,,GAHHJF_04575
group_529,,Alanine racemase,BKCABM_04695,
group_528,,FUSC family protein,BKCABM_05650,
azlD,azlD,AzlD family protein,BKCABM_04350,
metK,metK,methionine adenosyltransferase,,GAHHJF_01455
group_527,azlC,Azaleucine resistance protein AzlC,BKCABM_04825,
sucC,sucC,ADP-forming succinate--CoA ligase subunit beta,BKCABM_05430,
hisZ,hisZ,ATP phosphoribosyltransferase regulatory subunit,BKCABM_04330,
group_526,,RND efflux pump membrane fusion protein barrel-sandwich domain-containing protein,,GAHHJF_11335
dapC,dapC,succinyldiaminopimelate transaminase,,GAHHJF_01840
group_525,,S24 family peptidase,BKCABM_11385,
group_524,,hypothetical protein,,GAHHJF_02180
modB,modB,molybdate ABC transporter permease subunit,BKCABM_04720,
group_523,,Major facilitator superfamily (MFS) profile domain-containing protein,BKCABM_10535,
fucO,fucO,Alcohol dehydrogenase class IV,,GAHHJF_01375
group_522,,DUF2570 domain-containing protein,BKCABM_04355,
group_521,,DUF1705 domain-containing protein,BKCABM_04320,
group_520,,glutamine amidotransferase,,GAHHJF_01395
group_519,,Rieske,,GAHHJF_02485
caiA,caiA,Acyl-CoA dehydrogenase related to the alkylation response protein AidB,BKCABM_04210,
group_518,,ABC transporter permease,BKCABM_11135,
group_517,,Pirin family protein,BKCABM_05145,
gatC,gatC,Asp-tRNA(Asn)/Glu-tRNA(Gln) amidotransferase subunit GatC,,GAHHJF_10965
group_516,,HtrA-like serine protease,,GAHHJF_02495
rplU,rplU,50S ribosomal protein L21,BKCABM_05770,
group_515,,PDZ domain-containing protein,BKCABM_04985,
lolA,lolA,outer membrane lipoprotein chaperone LolA,BKCABM_05755,
group_514,,DUF5713 domain-containing protein,BKCABM_05310,
group_513,,Exonuclease domain-containing protein,BKCABM_04625,
group_512,,Antibiotic biosynthesis monooxygenase,BKCABM_04145,
group_511,,OmpR/PhoB-type domain-containing protein,,GAHHJF_01385
group_510,,Branched-chain amino acid transporter,,GAHHJF_01420
benE,benE,benzoate/H(+) symporter BenE,,GAHHJF_02065
group_509,,Alcohol dehydrogenase,BKCABM_05705,
group_508,,Chromate ion transporter (CHR) family chromate transporter,,GAHHJF_01700
group_507,,Nitroreductase domain-containing protein,,GAHHJF_11050
group_506,,NlpC/P60 domain-containing protein,BKCABM_11220,
group_505,,Branched-chain amino acid transporter,BKCABM_04820,
group_504,,Short-chain dehydrogenase,,GAHHJF_01640
arsH,arsH,arsenical resistance protein ArsH,,GAHHJF_01570
group_503,,Phospholipase A1,,GAHHJF_02470
group_502,,CoA transferase subunit A,BKCABM_04235,
iscA,iscA,iron-sulfur cluster assembly protein IscA,,GAHHJF_02245
group_501,,HTH gntR-type domain-containing protein,,GAHHJF_10880
group_500,,N-acetyltransferase domain-containing protein,,GAHHJF_10800
group_499,,HTH arsR-type domain-containing protein,,GAHHJF_01555
group_498,,HI0933 family flavoprotein,,GAHHJF_11350
crp,crp,cAMP-activated global transcriptional regulator CRP,BKCABM_04305,
group_497,ispC,1-deoxy-D-xylulose-5-phosphate reductoisomerase,,GAHHJF_02370
group_496,,phage major capsid protein,BKCABM_11290,
ispC,ispC,1-deoxy-D-xylulose-5-phosphate reductoisomerase,BKCABM_10685,
group_495,,Methylated-DNA--protein-cysteine methyltransferase,BKCABM_05375,
yhbY,yhbY,ribosome assembly RNA-binding protein YhbY,BKCABM_05330,
azlC,azlC,Azaleucine resistance protein AzlC,,GAHHJF_01415
apbC,apbC,iron-sulfur cluster carrier protein ApbC,,GAHHJF_11225
sdhB,sdhB,Succinate dehydrogenase/fumarate reductase Fe-S protein subunit,BKCABM_05450,
group_494,,Lipoprotein,BKCABM_04265,
sbmA,sbmA,peptide antibiotic transporter SbmA,,GAHHJF_11025
group_493,,Integron gene cassette protein,BKCABM_10725,
astC,astC,Acetylornithine aminotransferase,,GAHHJF_11295
group_492,,Molybdopterin synthase catalytic subunit,BKCABM_04770,
group_491,,hypothetical protein,BKCABM_11410,
group_490,,Acyl-CoA dehydrogenase,,GAHHJF_02195
purT,purT,formate-dependent phosphoribosylglycinamide formyltransferase,,GAHHJF_01830
tsaA,tsaA,tRNA (N6-threonylcarbamoyladenosine(37)-N6)-methyltransferase TrmO,BKCABM_04545,
group_489,,Transporter major facilitator family protein,BKCABM_04865,
group_488,,AB hydrolase-1 domain-containing protein,,GAHHJF_10840
group_487,,Bcr/CflA family efflux transporter,,GAHHJF_11055
group_486,,AB hydrolase-1 domain-containing protein,,GAHHJF_02130
queH,queH,Epoxyqueuosine reductase QueH,,GAHHJF_01915
group_485,sfnB,SfnB family sulfur acquisition oxidoreductase,,GAHHJF_01755
group_484,,phage head closure protein,BKCABM_11275,
odhB,odhB,2-oxoglutarate dehydrogenase complex dihydrolipoyllysine-residue succinyltransferase,BKCABM_05440,
group_483,,TFIIB-type zinc ribbon-containing protein,,GAHHJF_01350
fdx,fdx,ISC system 2Fe-2S type ferredoxin,,GAHHJF_02260
group_482,,sodium/glutamate symporter,,GAHHJF_01590
group_481,,hypothetical protein,,GAHHJF_01330
iscS,iscS,IscS subfamily cysteine desulfurase,,GAHHJF_02235
group_480,,hypothetical protein,BKCABM_04140,
group_479,,Molybdopterin molybdenumtransferase,BKCABM_04755,
group_478,,Antirepressor protein C-terminal domain-containing protein,BKCABM_11370,
group_477,,DUF3142 domain-containing protein,BKCABM_11000,
group_476,,DUF4852 domain-containing protein,BKCABM_10945,
group_475,pyrH,UMP kinase,BKCABM_10705,
group_474,,ABC transporter permease,BKCABM_05290,
sfnB,sfnB,SfnB family sulfur acquisition oxidoreductase,,GAHHJF_01760
group_473,,Alkane 1-monooxygenase,,GAHHJF_02200
pyrH,pyrH,UMP kinase,,GAHHJF_02390
group_472,,Phosphoglycerate mutase,BKCABM_10595,
group_471,gltS,sodium/glutamate symporter,BKCABM_10775,
group_470,,CSD domain-containing protein,BKCABM_05860,
group_469,,DUF4882 domain-containing protein,,GAHHJF_11185
ynfA,ynfA,YnfA family protein,,GAHHJF_02420
cysH,cysH,phosphoadenylyl-sulfate reductase,,GAHHJF_10925
fabG,fabG,3-oxoacyl-ACP reductase FabG,,GAHHJF_10770
group_468,,Signal peptide-containing protein,BKCABM_11075,
group_467,,hypothetical protein,,GAHHJF_02280
group_466,,DUF3168 domain-containing protein,BKCABM_11265,
group_465,,XRE family transcriptional regulator,BKCABM_10900,
coaX,coaX,pantothenate kinase,,GAHHJF_10895
group_464,,DUF1304 domain-containing protein,BKCABM_05150,
group_463,,hypothetical protein,BKCABM_04280,
group_462,,Phosphoglycerate mutase,,GAHHJF_02305
gltS,gltS,sodium/glutamate symporter,,GAHHJF_11045
group_461,,Phosphoserine phosphatase,,GAHHJF_01970
group_460,,phage portal protein,BKCABM_11300,
group_459,,Aspartate carbamoyltransferase,BKCABM_04270,
pgeF,pgeF,peptidoglycan editing factor PgeF,BKCABM_05540,
group_458,,DUF4868 domain-containing protein,BKCABM_05940,
group_457,,UPF0145 protein HMPREF0016_01159,BKCABM_05805,
artP,artP,ABC-type polar amino acid transport system ATPase component,,GAHHJF_01730
group_456,,hypothetical protein,,GAHHJF_11460
ykuD,ykuD,YkuD domain-containing protein,BKCABM_05130,
group_455,,Outer membrane protein transport protein (OMPP1/FadL/TodX),BKCABM_04690,
group_454,,DUF2520 domain-containing protein,BKCABM_04180,
group_453,,GGDEF domain-containing protein,,GAHHJF_01910
adeA,adeA,RND efflux pump membrane fusion protein barrel-sandwich domain-containing protein,BKCABM_05790,
group_452,,Lipoprotein,BKCABM_10805,
group_451,,Putative DNA-binding domain-containing protein,,GAHHJF_01680
group_450,,TENA/THI-4 domain-containing protein,,GAHHJF_01905
group_449,,Alpha/beta fold hydrolase,BKCABM_04620,
group_448,,(S)-ureidoglycine aminohydrolase cupin domain-containing protein,BKCABM_05100,
oprD,oprD,Outer membrane porin OprD family,,GAHHJF_02100
group_447,,Branched-chain amino acid ABC transporter permease,BKCABM_04345,
group_446,,hypothetical protein,,GAHHJF_02605
group_445,,hypothetical protein,BKCABM_11350,
tACO1,tACO1,YebC/PmpR family DNA-binding transcriptional regulator,,GAHHJF_01715
group_444,,Lipoprotein,BKCABM_04400,
group_443,,Bacterial OB-fold domain-containing protein,BKCABM_04530,
group_442,uppS,polyprenyl diphosphate synthase,,GAHHJF_02380
group_441,,Lipoprotein,BKCABM_04385,
lysA,lysA,diaminopimelate decarboxylase,BKCABM_04955,
rpsB,rpsB,30S ribosomal protein S2,BKCABM_04845,
glyA,glyA,Glycine/serine hydroxymethyltransferase,BKCABM_04615,
virB8,virB8,Bacterial virulence protein VirB8 domain-containing protein,,GAHHJF_02435
group_440,,HTH gntR-type domain-containing protein,,GAHHJF_01945
uppS,uppS,polyprenyl diphosphate synthase,BKCABM_10695,
sdhD,sdhD,succinate dehydrogenase hydrophobic membrane anchor protein,BKCABM_05460,
group_439,,VOC domain-containing protein,BKCABM_05225,
fixA,fixA,Electron transfer flavoprotein alpha and beta subunits,BKCABM_04920,
group_438,,DUF4010 domain-containing protein,BKCABM_04540,
group_437,,Integron gene cassette protein,BKCABM_04445,
group_436,,DUF4850 domain-containing protein,,GAHHJF_11000
group_435,,hypothetical protein,BKCABM_11205,
group_434,,5-carboxymethyl-2-hydroxymuconate isomerase,,GAHHJF_01365
group_433,,Nif3-like dinuclear metal center hexameric protein,,GAHHJF_02500
group_432,,Endonuclease domain-containing protein,BKCABM_05840,
group_431,lprI,Lysozyme inhibitor LprI N-terminal domain-containing protein,BKCABM_05305,
group_430,,Nif3-like dinuclear metal center hexameric protein,BKCABM_04990,
group_429,,Twitching motility protein,,GAHHJF_11155
bioC,bioC,malonyl-ACP O-methyltransferase BioC,,GAHHJF_10825
group_428,,Nucleoid-associated protein,BKCABM_11395,
salA,salA,salicylate 1-monooxygenase,,GAHHJF_02140
adeR,adeR,efflux system response regulator transcription factor AdeR,,GAHHJF_01595
group_427,,Transposase,BKCABM_04940,
group_426,,Glutamate dehydrogenase,,GAHHJF_11300
serS,serS,serine--tRNA ligase,BKCABM_05745,
gltA,gltA,citrate synthase,BKCABM_05470,
group_425,,HTH tetR-type domain-containing protein,,GAHHJF_02410
group_424,,GST N-terminal domain-containing protein,,GAHHJF_01750
group_423,,hypothetical protein,,GAHHJF_02670
thiD,thiD,Hydroxymethylpyrimidine/phosphomethylpyrimidine kinase,,GAHHJF_10755
group_422,,HTH lysR-type domain-containing protein,BKCABM_04730,
group_421,,RDD family protein,,GAHHJF_04625
group_420,,L-gulono-14-lactone dehydrogenase,BKCABM_04700,
metL1,metL1,aspartate kinase,BKCABM_04370,
group_419,,RDD domain-containing protein,BKCABM_10960,
group_418,,Biotin--[acetyl-CoA-carboxylase] ligase,,GAHHJF_10890
group_417,,hypothetical protein,,GAHHJF_10990
folB,folB,dihydroneopterin aldolase,BKCABM_10850,
hemA,hemA,glutamyl-tRNA reductase,BKCABM_05560,
panD,panD,aspartate 1-decarboxylase,BKCABM_05615,
brnQ,brnQ,branched-chain amino acid transport system II carrier protein,BKCABM_10745,
group_416,,DUF945 domain-containing protein,BKCABM_04290,
group_415,,hypothetical protein,BKCABM_04100,
pilG,pilG,twitching motility response regulator PilG,,GAHHJF_11160
group_414,,3-hydroxyacyl-CoA dehydrogenase type-2,BKCABM_10875,
group_413,,HesA/MoeB/ThiF family protein,BKCABM_10860,
bioA,bioA,adenosylmethionine--8-amino-7-oxononanoate transaminase,,GAHHJF_10835
group_412,,DUF3298 domain-containing protein,BKCABM_05750,
bapA,bapA,BapA prefix-like domain-containing protein,,GAHHJF_10850
group_411,,Acyl-CoA dehydrogenase,,GAHHJF_02190
group_410,,SCP2 domain-containing protein,BKCABM_05205,
group_409,,Transport permease protein,BKCABM_04795,
group_408,,M48 family metallopeptidase,BKCABM_04315,
iscU,iscU,Fe-S cluster assembly scaffold protein IscU NifU family,,GAHHJF_02240
group_407,,hypothetical protein,BKCABM_11390,
group_406,,Bacteriophage protein,BKCABM_11200,
group_405,,DNA polymerase IV,BKCABM_11185,
group_404,,Protein kinase domain-containing protein,BKCABM_10855,
group_403,,Aldolase,BKCABM_04675,
trmB,trmB,tRNA (guanosine(46)-N7)-methyltransferase TrmB,BKCABM_04170,
group_402,,HTH hxlR-type domain-containing protein,BKCABM_05730,
group_401,,Diacylglycerol kinase,BKCABM_05250,
group_400,,Methyltransferase type 11 domain-containing protein,,GAHHJF_11320
group_399,,Transglutaminase-like domain-containing protein,,GAHHJF_04555
sdhC,sdhC,succinate dehydrogenase cytochrome b556 subunit,BKCABM_05465,
group_398,,Dicarboxylate/amino acid:cation symporter,,GAHHJF_02550
group_397,,Transglutaminase-like domain-containing protein,BKCABM_11045,
group_396,,GST N-terminal domain-containing protein,BKCABM_10565,
fpr,fpr,Flavodoxin/ferredoxin--NADP reductase,BKCABM_04550,
group_395,,hypothetical protein,BKCABM_04390,
yaaA,yaaA,peroxide stress protein YaaA,BKCABM_04430,
group_394,,GST N-terminal domain-containing protein,,GAHHJF_02285
group_393,,Oxidoreductase/dehydrogenase,BKCABM_05725,
modA,modA,molybdate ABC transporter substrate-binding protein,BKCABM_04725,
group_392,,Major facilitator superfamily (MFS) profile domain-containing protein,BKCABM_10830,
benD,benD,benzoate diol dehydrogenase BenD,,GAHHJF_02070
purA,purA,adenylosuccinate synthase,BKCABM_04325,
group_391,,Fatty acid desaturase domain-containing protein,BKCABM_04175,
group_390,,Internalin,BKCABM_10520,
group_389,,histidine kinase,,GAHHJF_02155
group_388,,Major facilitator superfamily (MFS) profile domain-containing protein,BKCABM_04410,
group_387,,Protein kinase domain-containing protein,,GAHHJF_02570
group_386,lpxA,acyl-ACP--UDP-N-acetylglucosamine O-acyltransferase,,GAHHJF_02340
group_385,,AB hydrolase-1 domain-containing protein,,GAHHJF_01920
group_384,,MFS transporter permease,,GAHHJF_11255
lpxA,lpxA,acyl-ACP--UDP-N-acetylglucosamine O-acyltransferase,BKCABM_10655,
group_383,,Tellurium resistance protein,BKCABM_04605,
group_382,,Segregation and condensation protein A,,GAHHJF_10805
group_381,,CBS domain protein,BKCABM_05270,
group_380,,histidine kinase,BKCABM_04520,
rnk,rnk,nucleoside diphosphate kinase regulator,BKCABM_04610,
group_379,,CENP-V/GFA domain-containing protein,,GAHHJF_01400
group_378,,ABC transmembrane type-1 domain-containing protein,,GAHHJF_01930
group_377,,hypothetical protein,BKCABM_11195,
group_376,map,type I methionyl aminopeptidase,BKCABM_10740,
group_375,,Uncharacterized protein ACIAD1443,,GAHHJF_02055
group_374,,3-methylglutaconyl-CoA hydratase,BKCABM_04220,
group_373,,Inner membrane protein,,GAHHJF_11120
trkH,trkH,Potassium transporter TrkH,,GAHHJF_02465
group_372,,Arginine/ornithine antiporter,,GAHHJF_02175
clpS,clpS,ATP-dependent Clp protease adapter ClpS,,GAHHJF_02430
astB,astB,N-succinylarginine dihydrolase,,GAHHJF_11280
group_371,,SnoaL-like domain-containing protein,BKCABM_10545,
group_370,,DUF2178 domain-containing protein,BKCABM_05660,
group_369,,Thioesterase family protein,BKCABM_04185,
group_368,,DUF962 domain-containing protein,BKCABM_04685,
group_367,,putative membrane transporter protein,,GAHHJF_10885
group_366,,HTH hxlR-type domain-containing protein,,GAHHJF_01985
group_365,,Citrate transporter-like domain-containing protein,BKCABM_05275,
group_364,,hypothetical protein,BKCABM_11335,
group_363,,Lipoprotein,BKCABM_05505,
group_362,,Integral membrane protein,BKCABM_05120,
group_361,rimO,30S ribosomal protein S12 methylthiotransferase RimO,,GAHHJF_02395
group_360,,4-aminobutyrate transaminase,,GAHHJF_01990
fdhD,fdhD,formate dehydrogenase accessory sulfurtransferase FdhD,BKCABM_04735,
group_359,,DUF2071 domain-containing protein,BKCABM_04555,
rimO,rimO,30S ribosomal protein S12 methylthiotransferase RimO,BKCABM_10710,
group_358,,C4-dicarboxylate transport protein,BKCABM_04475,
msrB,msrB,Peptide methionine sulfoxide reductase MsrB,,GAHHJF_01865
pcaD,pcaD,3-oxoadipate enol-lactonase,,GAHHJF_02015
mgtE,mgtE,magnesium transporter,BKCABM_05235,
group_357,,Putative beta-barrel assembly-enhancing protease,BKCABM_04040,
group_356,asnC,AsnC family transcriptional regulator,,GAHHJF_11305
pyrC,pyrC,dihydroorotase,,GAHHJF_02165
group_355,,DUF302 domain-containing protein,,GAHHJF_11370
dkgB,dkgB,25-didehydrogluconate reductase DkgB,BKCABM_10530,
group_354,,Phospholipase,BKCABM_10890,
group_353,,Oxidoreductase,BKCABM_05820,
trpC,trpC,indole-3-glycerol phosphate synthase TrpC,BKCABM_05065,
group_352,,Cytochrome C assembly protein,,GAHHJF_10905
group_351,cysE,serine O-acetyltransferase,,GAHHJF_01890
cysE,cysE,serine O-acetyltransferase,BKCABM_11155,
osmC,osmC,OsmC family protein,BKCABM_04300,
group_350,,Diacetyl reductase [(S)-acetoin forming],BKCABM_05085,
group_349,rseP,RIP metalloprotease RseP,,GAHHJF_02365
group_348,,Internalin,,GAHHJF_01320
rseP,rseP,RIP metalloprotease RseP,BKCABM_10680,
group_347,,BLUF domain-containing protein,BKCABM_11035,
queF,queF,NADPH-dependent 7-cyano-7-deazaguanine reductase QueF,BKCABM_04800,
alsT,alsT,Amino-acid carrier protein AlsT,BKCABM_04970,
group_346,,Glycine zipper 2TM domain-containing protein,BKCABM_10925,
aroP,aroP,Aromatic amino acid transport protein AroP,BKCABM_10765,
group_345,,hypothetical protein,BKCABM_05140,
group_344,,ABC transporter domain-containing protein,,GAHHJF_01935
prmC,prmC,peptide chain release factor N(5)-glutamine methyltransferase,BKCABM_10915,
group_343,,Secreted protein,BKCABM_05420,
group_342,,Tyrosine specific protein phosphatases domain-containing protein,BKCABM_04780,
cadR,cadR,Cd(II)/Pb(II)-responsive transcriptional regulator,BKCABM_04575,
cysG,cysG,siroheme synthase CysG,BKCABM_05740,
group_341,,ABC transmembrane type-1 domain-containing protein,BKCABM_10910,
group_340,,ABC1 atypical kinase-like domain-containing protein,,GAHHJF_02185
hinT,hinT,Purine nucleoside phosphoramidase/Ap4A hydrolase histidine triade (HIT) family,,GAHHJF_02270
group_339,,Tautomerase family protein,,GAHHJF_01825
group_338,,Hemolysin,,GAHHJF_01335
dosC,dosC,Diguanylate cyclase DosC,BKCABM_05105,
group_337,,YqgF/RNase H-like domain-containing protein,BKCABM_11345,
group_336,,Hemolysin,BKCABM_10810,
group_335,,hypothetical protein,,GAHHJF_11205
thiM,thiM,hydroxyethylthiazole kinase,,GAHHJF_01355
group_334,,Phosphatidate cytidylyltransferase,,GAHHJF_02375
benA,benA,benzoate 12-dioxygenase large subunit,,GAHHJF_02085
group_333,,Heavy metal-binding domain-containing protein,BKCABM_05810,
group_332,,Phosphatidate cytidylyltransferase,BKCABM_10690,
group_331,,HTH araC/xylS-type domain-containing protein,BKCABM_04680,
group_330,,Amino acid permease/ SLC12A domain-containing protein,,GAHHJF_02530
radA,radA,DNA repair protein RadA,BKCABM_04975,
group_329,ecsC,EcsC family protein,,GAHHJF_10730
group_328,,hypothetical protein,BKCABM_10590,
group_327,,replication protein,BKCABM_11365,
group_326,,Amino acid permease/ SLC12A domain-containing protein,BKCABM_05715,
map,map,type I methionyl aminopeptidase,BKCABM_04855,
group_325,,Universal stress protein,BKCABM_05370,
group_324,,HTH gntR-type domain-containing protein,BKCABM_04670,
group_323,,DUF4431 domain-containing protein,BKCABM_04485,
group_322,,DUF2147 domain-containing protein,BKCABM_04440,
group_321,araC,AraC family transcriptional regulator,,GAHHJF_01410
ispE,ispE,4-(cytidine 5'-diphospho)-2-C-methyl-D-erythritol kinase,BKCABM_05575,
group_320,lpdA,dihydrolipoyl dehydrogenase,,GAHHJF_01520
benK,benK,Benzoate transport protein,,GAHHJF_02095
group_319,,Heat shock protein 15,,GAHHJF_02315
group_318,,Universal stress protein,,GAHHJF_01325
yegQ,yegQ,tRNA 5-hydroxyuridine modification protein YegQ,BKCABM_04580,
group_317,,2-amino-4-hydroxy-6-hydroxymethyldihydropteridine pyrophosphokinase,BKCABM_10845,
group_316,,Methionine transporter,,GAHHJF_01770
group_315,,Heat shock protein 15,BKCABM_10630,
group_314,,diacylglycerol O-acyltransferase,,GAHHJF_10930
group_313,,DUF3887 domain-containing protein,BKCABM_04900,
ffh,ffh,signal recognition particle protein,,GAHHJF_10900
group_312,,HTH araC/xylS-type domain-containing protein,BKCABM_04830,
group_311,,Glycine zipper 2TM domain-containing protein,,GAHHJF_04650
group_310,,BLUF domain-containing protein,,GAHHJF_01500
glnA,glnA,type I glutamate--ammonia ligase,BKCABM_05050,
group_309,,DUF2726 domain-containing protein,,GAHHJF_02540
group_308,,Short-chain fatty acid transporter,BKCABM_04245,
group_307,,GGDEF domain-containing protein,,GAHHJF_11455
spoT,spoT,Bifunctional protein SpoT,BKCABM_10730,
group_306,,Luciferase-like domain-containing protein,,GAHHJF_01765
group_305,,Phasin domain-containing protein,BKCABM_05340,
eat,eat,ethanolamine permease,,GAHHJF_01960
group_304,,Amino acid permease/ SLC12A domain-containing protein,BKCABM_04965,
group_303,,ABC transporter permease subunit,,GAHHJF_01740
group_302,,Xanthine permease,,GAHHJF_11265
group_301,,Thiaminase-2/PQQC domain-containing protein,BKCABM_04565,
group_300,,Nucleoside-specific channel-forming protein,,GAHHJF_11240
group_299,ybgF,YbgF trimerisation domain-containing protein,,GAHHJF_02335
ybgF,ybgF,YbgF trimerisation domain-containing protein,BKCABM_10650,
group_298,,Short-chain dehydrogenase,BKCABM_05480,
dapF,dapF,diaminopimelate epimerase,BKCABM_04950,
group_297,,Lipoprotein,BKCABM_11235,
group_296,,Deoxyribodipyrimidine photo-lyase,BKCABM_04420,
group_295,,Long-chain fatty acid transporter,,GAHHJF_10915
group_294,,Putative beta-barrel assembly-enhancing protease,,GAHHJF_02610
group_293,,Aminotransferase,,GAHHJF_01870
group_292,trmJ,tRNA (cytidine/uridine-2'-O-)-methyltransferase TrmJ,,GAHHJF_01885
trmJ,trmJ,tRNA (cytidine/uridine-2'-O-)-methyltransferase TrmJ,BKCABM_11150,
group_291,,amidohydrolase family protein,,GAHHJF_01925
lpdA,lpdA,dihydrolipoyl dehydrogenase,BKCABM_05435,
group_290,,HTH asnC-type domain-containing protein,BKCABM_04340,
group_289,,Guanylate cyclase domain-containing protein,,GAHHJF_02265
group_288,,Porin domain-containing protein,,GAHHJF_01725
group_287,,Poly(Hydroxyalcanoate) granule associated protein,,GAHHJF_02220
group_286,,Diguanylate cyclase (GGDEF) domain-containing protein,,GAHHJF_04640
folP,folP,dihydropteroate synthase,BKCABM_05315,
group_285,,Integral membrane protein,BKCABM_10755,
sulP,sulP,STAS domain-containing protein,BKCABM_04160,
group_284,cysQ,3'(2')5'-bisphosphate nucleotidase CysQ,BKCABM_10600,
group_283,,hypothetical protein,,GAHHJF_11230
mreC,mreC,rod shape-determining protein MreC,,GAHHJF_10955
group_282,,Alpha/beta hydrolase,BKCABM_05030,
group_281,,Serine aminopeptidase S33 domain-containing protein,BKCABM_10760,
group_280,,P-loop ATPase,BKCABM_05365,
cysQ,cysQ,3'(2')5'-bisphosphate nucleotidase CysQ,,GAHHJF_02310
group_279,,HAMP domain-containing protein,,GAHHJF_11145
rng,rng,ribonuclease G,,GAHHJF_10940
group_278,,DUF2750 domain-containing protein,,GAHHJF_11080
bfr,bfr,bacterioferritin,,GAHHJF_10855
group_277,eamA,EamA domain-containing protein,BKCABM_04665,
group_276,,Benzaldehyde dehydrogenase II,,GAHHJF_02110
group_275,,DJ-1/PfpI domain-containing protein,,GAHHJF_01800
group_274,,UPF0276 protein BEN76_06375,,GAHHJF_01685
ecsC,ecsC,EcsC family protein,BKCABM_17250,
adeK,adeK,multidrug efflux RND transporter AdeIJK outer membrane channel subunit AdeK,BKCABM_05800,
group_273,,OmpA-like domain-containing protein,BKCABM_04255,
group_272,,HTH araC/xylS-type domain-containing protein,,GAHHJF_01855
group_271,,DUF333 domain-containing protein,,GAHHJF_01510
mtnN,mtnN,5'-methylthioadenosine/S-adenosylhomocysteine nucleosidase,,GAHHJF_11220
group_270,,DUF1853 domain-containing protein,,GAHHJF_11125
astD,astD,succinylglutamate-semialdehyde dehydrogenase,,GAHHJF_11285
group_269,,ADP-dependent (S)-NAD(P)H-hydrate dehydratase,,GAHHJF_01480
group_268,,Lrp/AsnC family transcriptional regulator,,GAHHJF_01720
group_267,,Tryptophan synthase beta chain-like PALP domain-containing protein,,GAHHJF_11345
gatA,gatA,Asp-tRNA(Asn)/Glu-tRNA(Gln) amidotransferase subunit GatA,,GAHHJF_10970
group_266,,Phage-like protein,BKCABM_11260,
group_265,,DUF3015 domain-containing protein,BKCABM_05115,
group_264,,NLPA lipoprotein,BKCABM_11125,
ntrC,ntrC,nitrogen regulation protein NR(I),,GAHHJF_02405
group_263,,Lytic transglycosylase domain-containing protein,BKCABM_05215,
group_262,eamA,EamA domain-containing protein,BKCABM_05170,
iscR,iscR,DNA-binding transcriptional regulator IscR family,,GAHHJF_02230
group_261,,DUF2946 domain-containing protein,,GAHHJF_01955
group_260,,Lipoprotein,,GAHHJF_01820
group_259,,protein-tyrosine-phosphatase,,GAHHJF_01560
glnG,glnG,nitrogen regulation protein NR(I),BKCABM_10720,
group_258,,Alpha/beta hydrolase,,GAHHJF_11250
gatB,gatB,Asp-tRNA(Asn)/Glu-tRNA(Gln) amidotransferase subunit GatB,,GAHHJF_10975
lysM,lysM,peptidoglycan-binding protein LysM,,GAHHJF_10760
group_257,,DUF1833 domain-containing protein,BKCABM_11225,
group_256,,Amino acid permease/ SLC12A domain-containing protein,,GAHHJF_11270
tsf,tsf,translation elongation factor Ts,BKCABM_04840,
group_255,,DUF4331 domain-containing protein,,GAHHJF_01665
smpB,smpB,SsrA-binding protein SmpB,BKCABM_05530,
greA,greA,transcription elongation factor GreA,BKCABM_05355,
group_254,,Hcy-binding domain-containing protein,,GAHHJF_02170
group_253,,Amino acid carrier protein,,GAHHJF_11040
group_252,,Cation/H+ exchanger domain-containing protein,BKCABM_05380,
group_251,,Type II secretion system protein M,,GAHHJF_02645
group_250,,HTH asnC-type domain-containing protein,,GAHHJF_02525
group_249,recX,Regulatory protein RecX,,GAHHJF_02325
group_248,,DUF218 domain-containing protein,,GAHHJF_11075
group_247,,Terminase small subunit,BKCABM_11310,
group_246,,DUF2303 domain-containing protein,BKCABM_11400,
trmL,trmL,tRNA (cytidine(34)-2'-O)-methyltransferase,BKCABM_05735,
group_245,,Type II secretion system protein M,BKCABM_04075,
ubiA,ubiA,4-hydroxybenzoate octaprenyltransferase,BKCABM_05035,
group_244,,Aldehyde dehydrogenase,,GAHHJF_01390
group_243,,Transporter,BKCABM_04880,
group_242,,hypothetical protein,,GAHHJF_02005
group_241,,Bile acid transporter,BKCABM_11080,
group_240,,Uncharacterized protein ACIAD1444,,GAHHJF_02050
asnC,asnC,AsnC family transcriptional regulator,BKCABM_10770,
group_239,,Fe-S protein,BKCABM_05640,
group_238,,Dihydrolipoamide acetyltransferase component of pyruvate dehydrogenase complex,,GAHHJF_01525
group_237,,putative chorismate pyruvate-lyase,BKCABM_05040,
group_236,,HTH lysR-type domain-containing protein,,GAHHJF_02135
group_235,eamA,EamA domain-containing protein,,GAHHJF_01625
group_234,,3-hydroxyacyl-CoA dehydrogenase,BKCABM_11120,
group_233,,HTH lysR-type domain-containing protein,BKCABM_10525,
sucD,sucD,succinate--CoA ligase subunit alpha,BKCABM_05425,
group_232,,Lipoprotein,,GAHHJF_01430
group_231,fabZ,3-hydroxyacyl-ACP dehydratase FabZ,,GAHHJF_02345
group_230,,Glutathione peroxidase,,GAHHJF_01860
ilvA,ilvA,threonine ammonia-lyase biosynthetic,,GAHHJF_02455
hisJ,hisJ,ABC-type amino acid transport/signal transduction system periplasmic component/domain,,GAHHJF_01745
group_229,,Phage tail protein,BKCABM_11230,
fabZ,fabZ,3-hydroxyacyl-ACP dehydratase FabZ,BKCABM_10660,
group_228,,HTH lysR-type domain-containing protein,BKCABM_05665,
mreD,mreD,rod shape-determining protein MreD,,GAHHJF_10950
tonB,tonB,Energy transducer TonB,,GAHHJF_01645
group_227,,Methyltransferase type 11 domain-containing protein,BKCABM_11425,
coaD,coaD,pantetheine-phosphate adenylyltransferase,BKCABM_05525,
group_226,,DUF3426 domain-containing protein,BKCABM_11095,
group_225,,Nudix hydrolase domain-containing protein,BKCABM_04510,
group_224,,DUF1311 domain-containing protein,BKCABM_04260,
group_223,,GGDEF domain-containing protein,BKCABM_04655,
greB,greB,transcription elongation factor GreB,BKCABM_05195,
group_222,,HTH asnC-type domain-containing protein,BKCABM_04930,
group_221,,DUF3465 domain-containing protein,BKCABM_04835,
group_220,,Tetratricopeptide repeat-like domain-containing protein,BKCABM_11160,
group_219,,Pyruvate carboxyltransferase domain-containing protein,BKCABM_04230,
group_218,,Trimethylamine monooxygenase,BKCABM_05475,
group_217,,ChrR-like cupin domain-containing protein,BKCABM_05075,
mmdA,mmdA,Acetyl-CoA carboxylase carboxyltransferase component,BKCABM_04215,
aceA,aceA,isocitrate lyase,BKCABM_05255,
ompH,ompH,OmpH family outer membrane protein,,GAHHJF_02355
group_216,,XRE family transcriptional regulator,BKCABM_11375,
group_215,,Neutral zinc metallopeptidase,BKCABM_05390,
htpX,htpX,protease HtpX,BKCABM_05220,
eamA,eamA,EamA domain-containing protein,BKCABM_05175,
nadE,nadE,NAD+ synthase,BKCABM_05495,
group_214,lysR,LysR family transcriptional regulator,BKCABM_10735,
group_213,,Type IV secretion protein Rhs,BKCABM_05490,
group_212,,Long-chain fatty acid--CoA ligase,BKCABM_05080,
group_211,,tRNA-dihydrouridine(16) synthase,,GAHHJF_10910
elsL,elsL,cell wall-recycling LD-carboxypeptidase ElsL,,GAHHJF_11115
catM,catM,ciscis-muconate-binding transcription regulator CatM,,GAHHJF_02045
benB,benB,benzoate 12-dioxygenase small subunit,,GAHHJF_02080
group_210,,Alpha/beta hydrolase,BKCABM_10560,
group_209,,AMP-binding protein,BKCABM_10865,
group_208,,Signal peptide-containing protein,BKCABM_11140,
group_207,,Outer membrane protein,BKCABM_10670,
group_206,,hypothetical protein,,GAHHJF_10985
eptA,eptA,Phosphoethanolamine transferase eptA,,GAHHJF_02145
benM,benM,benzoate utilization transcription regulator BenM,,GAHHJF_02090
group_205,,Major facilitator superfamily (MFS) profile domain-containing protein,,GAHHJF_11330
group_204,rraA,ribonuclease E activity regulator RraA,BKCABM_10570,
group_203,,PIN domain-containing protein,BKCABM_05285,
group_202,,SMI1/KNR4 family protein,BKCABM_04335,
rraA,rraA,ribonuclease E activity regulator RraA,,GAHHJF_02290
hscB,hscB,Fe-S protein assembly co-chaperone HscB,,GAHHJF_02250
group_201,,Small-conductance mechanosensitive channel,,GAHHJF_11360
argF,argF,ornithine carbamoyltransferase,,GAHHJF_02415
group_200,,HK97-gp10 family putative phage morphogenesis protein,BKCABM_11270,
group_199,,AMP-binding protein,BKCABM_04200,
group_198,,Protein/nucleic acid deglycase 2,BKCABM_04465,
group_197,,Phage terminase-like protein large subunit,BKCABM_11305,
group_196,,HTH lysR-type domain-containing protein,,GAHHJF_11005
group_195,,Zinc finger/thioredoxin putative domain-containing protein,,GAHHJF_04515
group_194,,Tetratricopeptide repeat protein,,GAHHJF_01895
ttcA,ttcA,tRNA 2-thiocytidine(32) synthetase TtcA,BKCABM_05210,
moaCB,moaCB,bifunctional molybdenum cofactor biosynthesis protein MoaC/MoaB,BKCABM_04750,
group_193,,Tetratricopeptide repeat protein,BKCABM_05565,
proS,proS,proline--tRNA ligase,,GAHHJF_11180
group_192,,AAA+ ATPase domain-containing protein,,GAHHJF_01370
yecA,yecA,YecA family protein,BKCABM_05675,
group_191,,Band 7 domain-containing protein,BKCABM_05415,
group_190,,Chromate transporter,,GAHHJF_11015
yedI,yedI,Inner membrane protein YedI,BKCABM_05395,
xerC,xerC,Tyrosine recombinase XerC,BKCABM_04945,
group_189,,Histidine kinase,BKCABM_04595,
group_188,,DUF4468 domain-containing protein,BKCABM_11245,
group_187,,Glycine zipper 2TM domain-containing protein,BKCABM_10930,
group_186,,DUF3592 domain-containing protein,BKCABM_05385,
group_185,,CheW-like domain-containing protein,,GAHHJF_11150
group_184,,HEAT repeat domain-containing protein,,GAHHJF_01995
group_183,,HTH lysR-type domain-containing protein,,GAHHJF_01795
group_182,,Phage-like protein,BKCABM_11255,
group_181,,Lipoprotein,BKCABM_10840,
group_180,,SCP2 domain-containing protein,BKCABM_05700,
group_179,,Bacterial type II secretion system protein E domain-containing protein,BKCABM_04535,
group_178,,rhodanese-related sulfurtransferase,BKCABM_05645,
group_177,,Alkaline phosphatase D family protein,BKCABM_05295,
rluB,rluB,23S rRNA pseudouridine(2605) synthase RluB,,GAHHJF_10815
group_176,,DUF2157 domain-containing protein,BKCABM_05625,
group_175,,HTH araC/xylS-type domain-containing protein,,GAHHJF_02205
catA,catA,catechol 12-dioxygenase,,GAHHJF_02060
fixB,fixB,Electron transfer flavoprotein alpha subunit FixB,BKCABM_04915,
group_174,,ABC transporter domain-containing protein,BKCABM_04790,
group_173,,Abortive infection protein-like C-terminal domain-containing protein,,GAHHJF_10980
group_172,,Sigma-54 factor interaction domain-containing protein,,GAHHJF_02105
padR,padR,Transcription regulator PadR N-terminal domain-containing protein,BKCABM_10555,
ppnK,ppnK,NAD(+) kinase,BKCABM_04495,
group_171,,DOMON-like domain-containing protein,BKCABM_05335,
group_170,,Tyrosine specific protein phosphatases domain-containing protein,BKCABM_04775,
hcpD,hcpD,Putative beta-lactamase HcpD,BKCABM_11065,
group_169,,Serine acetyltransferase,BKCABM_04640,
group_168,,HTH cro/C1-type domain-containing protein,,GAHHJF_01620
group_167,,GNAT family N-acetyltransferase,,GAHHJF_01605
group_166,,hypothetical protein,BKCABM_11340,
group_165,,DUF2062 domain-containing protein,,GAHHJF_11215
group_164,,Sialate O-acetylesterase domain-containing protein,BKCABM_11210,
group_163,,RCK N-terminal domain-containing protein,BKCABM_04660,
group_162,,PNPLA domain-containing protein,,GAHHJF_11035
hscA,hscA,Fe-S protein assembly chaperone HscA,,GAHHJF_02255
group_160,,Tetratricopeptide repeat protein,BKCABM_04505,
ppiC,ppiC,PpiC domain-containing protein,,GAHHJF_02210
prs,prs,Phosphoribosylpyrophosphate synthetase,BKCABM_05600,
group_159,,Serine aminopeptidase S33 domain-containing protein,,GAHHJF_01380
group_158,,DUF4105 domain-containing protein,BKCABM_05110,
rpoD,rpoD,RNA polymerase sigma factor RpoD,BKCABM_05685,
ftsH,ftsH,ATP-dependent zinc metalloprotease FtsH,BKCABM_05320,
group_156,,TauD/TfdA-like domain-containing protein,BKCABM_04870,
group_154,,Solute-binding protein family 3/N-terminal domain-containing protein,BKCABM_10905,
group_153,frr,ribosome recycling factor,,GAHHJF_02385
group_152,,DNA primase,BKCABM_05555,
lipA,lipA,lipoyl synthase,,GAHHJF_01540
sdhA,sdhA,succinate dehydrogenase flavoprotein subunit,BKCABM_05455,
group_151,,Lipase chaperone,BKCABM_10895,
frr,frr,ribosome recycling factor,BKCABM_10700,
group_148,,p-benzoquinone reductase,BKCABM_05720,
folE,folE,GTP cyclohydrolase I FolE,BKCABM_05095,
group_147,,Cytochrome b561 bacterial/Ni-hydrogenase domain-containing protein,BKCABM_04395,
acoA,acoA,TPP-dependent pyruvate or acetoin dehydrogenase subunit alpha,,GAHHJF_01535
group_145,,Tim44-like domain-containing protein,BKCABM_04980,
group_142,,Thioredoxin domain-containing protein,,GAHHJF_10845
group_141,,YcxB-like protein domain-containing protein,,GAHHJF_11065
yceD,yceD,Large ribosomal RNA subunit accumulation protein YceD,,GAHHJF_10785
group_140,,Carbonate dehydratase,,GAHHJF_02160
terC,terC,TerC family integral membrane protein,,GAHHJF_01575
tkt,tkt,transketolase,,GAHHJF_01450
zipA,zipA,Cell division protein ZipA,,GAHHJF_10870
maf,maf,dTTP/UTP pyrophosphatase,,GAHHJF_10945
group_134,,hypothetical protein,BKCABM_05835,
group_133,,Flavoprotein,BKCABM_10940,
group_132,,Alpha/beta fold hydrolase,BKCABM_11165,
group_131,,Biotin carboxylase / Biotin carboxyl carrier protein,BKCABM_04225,
group_130,,AB hydrolase-1 domain-containing protein,,GAHHJF_01900
group_129,,Octaprenyl-diphosphate synthase,BKCABM_05775,
group_128,,Flavodoxin,BKCABM_05535,
group_127,,Enoyl reductase (ER) domain-containing protein,BKCABM_05155,
group_126,,HTH tetR-type domain-containing protein,BKCABM_04560,
group_125,,Chromate transporter,,GAHHJF_11010
fadH,fadH,24-dienoyl-CoA reductase,BKCABM_10550,
group_123,,HTH tetR-type domain-containing protein,,GAHHJF_11325
areA,areA,AreA,,GAHHJF_02120
ligA,ligA,NAD-dependent DNA ligase LigA,,GAHHJF_10865
fxsA,fxsA,FxsA protein,,GAHHJF_01470
bamD,bamD,Outer membrane protein assembly factor BamD,BKCABM_05550,
astE,astE,succinylglutamate desuccinylase,,GAHHJF_11275
fabD,fabD,ACP S-malonyltransferase,,GAHHJF_10775
group_122,,Site-specific recombinase,BKCABM_05780,
group_121,,SsuA/THI5-like domain-containing protein,,GAHHJF_01940
group_120,,Enoyl reductase (ER) domain-containing protein,,GAHHJF_01810
metG,metG,methionine--tRNA ligase,,GAHHJF_11245
moaA,moaA,GTP 3'8-cyclase MoaA,BKCABM_04745,
lysR,lysR,DNA-binding transcriptional regulator LysR family,BKCABM_05265,
katE,katE,Catalase,,GAHHJF_01550
group_118,,Restriction endonuclease type IV Mrr domain-containing protein,BKCABM_10790,
group_117,bioB,biotin synthase BioB,BKCABM_04195,
group_115,,DJ-1/PfpI domain-containing protein,,GAHHJF_11030
group_114,,TonB-dependent siderophore receptor,,GAHHJF_01950
group_113,,Trimeric autotransporter adhesin YadA-like C-terminal membrane anchor domain-containing protein,BKCABM_05760,
group_112,,glycosyl transferase family protein,BKCABM_04480,
yfiO,yfiO,Outer membrane assembly lipoprotein YfiO,BKCABM_10995,
group_111,,TonB-dependent receptor plug domain-containing protein,,GAHHJF_01650
group_110,,HTH tetR-type domain-containing protein,BKCABM_05180,
rnhB,rnhB,ribonuclease HII,BKCABM_04380,
yceI,yceI,Polyisoprenoid-binding periplasmic protein YceI,,GAHHJF_01445
pth,pth,aminoacyl-tRNA hydrolase,BKCABM_05610,
lolB,lolB,lipoprotein insertase outer membrane protein LolB,BKCABM_05570,
group_109,,Flavodoxin-like fold domain-containing protein,BKCABM_04150,
mltB,mltB,lytic murein transglycosylase B,BKCABM_04810,
add,add,adenosine deaminase,BKCABM_04405,
trpG,trpG,Anthranilate synthase component 2,BKCABM_05055,
cvpA,cvpA,CvpA family protein,BKCABM_04065,
pfkB,pfkB,Carbohydrate kinase PfkB domain-containing protein,,GAHHJF_02480
group_108,,TonB-dependent siderophore receptor,,GAHHJF_01705
yccS,yccS,Integral membrane protein YccS N-terminal domain-containing protein,,GAHHJF_11060
group_107,,Phospholipid/glycerol acyltransferase domain-containing protein,,GAHHJF_01710
pcaI,pcaI,3-oxoadipate CoA-transferase subunit A,,GAHHJF_02030
pcaJ,pcaJ,3-oxoadipate CoA-transferase subunit B,,GAHHJF_02025
pcaF,pcaF,3-oxoadipyl-CoA thiolase,,GAHHJF_02020
group_106,,Bacterial collagen-like protein middle domain-containing protein,,GAHHJF_12025
scpB,scpB,SMC-Scp complex subunit ScpB,,GAHHJF_10810
ahpF,ahpF,alkyl hydroperoxide reductase subunit F,BKCABM_04590,
group_105,,Colicin V synthesis protein,,GAHHJF_02635
group_104,,CSD domain-containing protein,BKCABM_11190,
rlmL,rlmL,bifunctional 23S rRNA (guanine(2069)-N(7))-methyltransferase RlmK/23S rRNA (guanine(2445)-N(2))-methyltransferase RlmL,BKCABM_04285,
group_103,lysE,LysE family translocator,,GAHHJF_11210
group_102,,TonB-dependent siderophore receptor,,GAHHJF_01845
group_101,,hypothetical protein,BKCABM_04705,
group_100,,TonB-dependent siderophore receptor,BKCABM_10780,
matE,matE,Multidrug transporter MatE,BKCABM_10615,
group_99,,Serine kinase,,GAHHJF_01965
prmB,prmB,50S ribosomal protein L3 N(5)-glutamine methyltransferase,,GAHHJF_01440
group_98,,DUF91 domain-containing protein,,GAHHJF_01360
aroA,aroA,bifunctional prephenate dehydrogenase/3-phosphoshikimate 1-carboxyvinyltransferase,BKCABM_04450,
group_97,,Heme utilization protein,,GAHHJF_11195
group_96,,hypothetical protein,BKCABM_11020,
clpA,clpA,ATP-dependent Clp protease ATP-binding subunit ClpA,,GAHHJF_02425
bioB,bioB,biotin synthase BioB,,GAHHJF_01490
group_95,,Zinc-type alcohol dehydrogenase-like protein,,GAHHJF_01980
group_94,,DUF1631 domain-containing protein,BKCABM_04630,
group_93,,hypothetical protein,BKCABM_10885,
trpS,trpS,tryptophan--tRNA ligase,BKCABM_05400,
araC,araC,AraC family transcriptional regulator,,GAHHJF_01695
group_92,,hypothetical protein,BKCABM_04020,
group_91,yajC,Preprotein translocase subunit YajC,,GAHHJF_11480
group_90,,hypothetical protein,BKCABM_11250,
yajC,yajC,Preprotein translocase subunit YajC,BKCABM_05960,
group_89,,Entericidin A/B family lipoprotein,,GAHHJF_11130
mrcB,mrcB,penicillin-binding protein 1B,BKCABM_04500,
group_88,,DUF403 domain-containing protein,,GAHHJF_04550
benC,benC,benzoate 12-dioxygenase electron transfer component BenC,,GAHHJF_02075
group_87,,Formate dehydrogenase H,BKCABM_04740,
group_86,,DUF403 domain-containing protein,BKCABM_11050,
recX,recX,Regulatory protein RecX,BKCABM_10640,
pyrB,pyrB,aspartate carbamoyltransferase catalytic subunit,BKCABM_04275,
group_85,,Threonine efflux protein,BKCABM_05670,
group_84,,GDYXXLXY protein,BKCABM_05620,
acoB,acoB,Pyruvate/2-oxoglutarate/acetoin dehydrogenase complex dehydrogenase (E1) component beta subunit,,GAHHJF_01530
group_83,,Enoyl reductase (ER) domain-containing protein,,GAHHJF_01630
group_82,,LTD domain-containing protein,BKCABM_04165,
group_81,bamA,outer membrane protein assembly factor BamA,,GAHHJF_02360
bamA,bamA,outer membrane protein assembly factor BamA,BKCABM_10675,
group_80,,N-acetyltransferase domain-containing protein,BKCABM_04935,
group_79,lysE,LysE family translocator,BKCABM_04925,
group_78,,MobA-like NTP transferase domain-containing protein,BKCABM_04760,
group_77,,hypothetical protein,BKCABM_10620,
group_76,,J domain-containing protein,BKCABM_05845,
group_75,,Phosphoserine phosphatase,,GAHHJF_11340
group_74,,Metal ion ABC transporter ATPase,BKCABM_11130,
group_73,,hypothetical protein,BKCABM_05710,
group_72,,hypothetical protein,BKCABM_05260,
group_71,,DUF1449 domain-containing protein,,GAHHJF_02490
group_70,,HTH araC/xylS-type domain-containing protein,BKCABM_10880,
pepN,pepN,aminopeptidase N,,GAHHJF_01340
clpB,clpB,ATP-dependent chaperone ClpB,BKCABM_04295,
group_69,,sodium/glutamate symporter,,GAHHJF_01580
hemP,hemP,Hemin uptake protein HemP,BKCABM_04515,
group_68,,Nitric oxide reductase,BKCABM_04910,
rlpA,rlpA,Endolytic peptidoglycan transglycosylase RlpA,BKCABM_04815,
group_67,,hypothetical protein,,GAHHJF_10935
group_66,,Metal-dependent hydrolase,BKCABM_05485,
lprI,lprI,Lysozyme inhibitor LprI N-terminal domain-containing protein,BKCABM_04250,
group_65,,Flavodoxin,,GAHHJF_11070
group_64,,hypothetical protein,BKCABM_11325,
mutS,mutS,DNA mismatch repair protein MutS,BKCABM_11170,
group_63,,DUF904 domain-containing protein,BKCABM_11320,
group_62,,Threonine efflux protein,,GAHHJF_01850
group_61,,Superoxide dismutase,,GAHHJF_01790
acnB,acnB,bifunctional aconitate hydratase 2/2-methylisocitrate dehydratase,BKCABM_10795,
group_60,,Restriction endonuclease,BKCABM_11360,
group_59,,DUF1328 domain-containing protein,BKCABM_04650,
group_58,,Glutathione S-transferase,BKCABM_04155,
pknK,pknK,Serine/threonine-protein kinase PknK,BKCABM_05070,
glnD,glnD,[protein-PII] uridylyltransferase,,GAHHJF_01835
group_57,,MBL fold metallo-hydrolase,,GAHHJF_11260
alaS,alaS,alanine--tRNA ligase,BKCABM_04365,
group_56,,hypothetical protein,,GAHHJF_11235
rpmF,rpmF,50S ribosomal protein L32,,GAHHJF_10780
group_55,,hypothetical protein,,GAHHJF_02545
group_54,,HTH araC/xylS-type domain-containing protein,,GAHHJF_01975
group_53,,DUF2188 domain-containing protein,BKCABM_11285,
group_52,,Agmatine deiminase,BKCABM_05815,
gap,gap,Glyceraldehyde-3-phosphate dehydrogenase,BKCABM_04360,
group_51,,Phosphatase PAP2 family protein,BKCABM_05785,
stcE,stcE,Metalloprotease stcE,BKCABM_10585,
lysE,lysE,LysE family translocator,BKCABM_05635,
group_50,,Chloramphenicol O-acetyltransferase,BKCABM_05360,
group_49,,L-threonylcarbamoyladenylate synthase,,GAHHJF_10795
group_48,,Lipoprotein,,GAHHJF_11310
group_47,,Lipoprotein,,GAHHJF_11020
thrH,thrH,bifunctional phosphoserine phosphatase/homoserine phosphotransferase ThrH,,GAHHJF_10920
group_46,,DUF2986 domain-containing protein,,GAHHJF_01465
group_45,,DUF1176 domain-containing protein,,GAHHJF_10995
group_44,,Bacterial surface antigen (D15) domain-containing protein,BKCABM_10825,
mreB,mreB,Cell shape-determining ATPase MreB actin-like superfamily,,GAHHJF_10960
group_43,,RNA polymerase factor sigma-70,,GAHHJF_01675
group_42,,HTH cro/C1-type domain-containing protein,BKCABM_11380,
group_41,,hypothetical protein,BKCABM_11330,
arsB,arsB,ACR3 family arsenite efflux transporter,,GAHHJF_01565
group_40,recA,recombinase RecA,BKCABM_10635,
sucA,sucA,2-oxoglutarate dehydrogenase E1 component,BKCABM_05445,
group_39,thiS,sulfur carrier protein ThiS,,GAHHJF_02695
group_38,,Zf-HC2 domain-containing protein,,GAHHJF_01670
astA,astA,arginine N-succinyltransferase,,GAHHJF_11290
group_37,,Tip attachment protein J domain-containing protein,BKCABM_11215,
thiS,thiS,sulfur carrier protein ThiS,BKCABM_04130,
group_36,,Anthranilate phosphoribosyltransferase,BKCABM_05060,
group_35,,hypothetical protein,,GAHHJF_11355
group_34,,hypothetical protein,,GAHHJF_01495
argC,argC,N-acetyl-gamma-glutamyl-phosphate reductase,,GAHHJF_02440
group_33,,Threonine efflux protein,,GAHHJF_11315
valS,valS,valine--tRNA ligase,BKCABM_05830,
group_32,,superoxide dismutase,BKCABM_04995,
modC,modC,ATP-binding cassette domain-containing protein,BKCABM_04715,
group_31,,NADP(H)-dependent aldo-keto reductase,BKCABM_04310,
group_30,,Peptidase M16C associated domain-containing protein,,GAHHJF_02475
gyrA,gyrA,DNA gyrase subunit A,BKCABM_04905,
nolG,nolG,Nodulation protein NolG,,GAHHJF_11175
group_29,,Major facilitator superfamily (MFS) profile domain-containing protein,BKCABM_10815,
group_28,adeB,Efflux pump membrane transporter,,GAHHJF_01610
group_27,adeB,Efflux pump membrane transporter,BKCABM_05240,
recA,recA,recombinase RecA,,GAHHJF_02320
dedA,dedA,DedA family protein,BKCABM_05655,
group_26,,HTH merR-type domain-containing protein,BKCABM_11430,
group_25,,hypothetical protein,,GAHHJF_11200
rluD,rluD,23S rRNA pseudouridine(1911/1915/1917) synthase RluD,BKCABM_05545,
group_24,,NAD-dependent epimerase/dehydratase domain-containing protein,,GAHHJF_10860
adeB,adeB,Efflux pump membrane transporter,BKCABM_05795,
group_23,,Choloylglycine hydrolase/NAAA C-terminal domain-containing protein,,GAHHJF_01425
yitT,yitT,YitT family protein,,GAHHJF_02520
sodA,sodA,Superoxide dismutase,,GAHHJF_02505
group_22,,GST N-terminal domain-containing protein,,GAHHJF_01635
carB,carB,carbamoyl-phosphate synthase large subunit,BKCABM_05350,
group_21,,Acidic transcription factor A,BKCABM_05680,
tdh,tdh,Threonine dehydrogenase or related Zn-dependent dehydrogenase,,GAHHJF_01515
group_20,,Superoxide dismutase,BKCABM_05000,
group_19,,Metal-dependent hydrolase,BKCABM_04425,
group_18,,Fatty acid metabolism regulator protein,BKCABM_04205,
smc,smc,chromosome segregation protein SMC,,GAHHJF_10875
group_17,,DNA (cytosine-5-)-methyltransferase,BKCABM_11420,
group_16,,SOS-response transcriptional repressors (RecA-mediated autopeptidases),BKCABM_11180,
mfd,mfd,transcription-repair coupling factor,,GAHHJF_02275
group_15,dnaE,DNA polymerase III subunit alpha,BKCABM_11145,
dnaE,dnaE,DNA polymerase III subunit alpha,,GAHHJF_01880
group_14,,Acetoacetyl-CoA transferase beta subunit,BKCABM_04240,
group_13,,PH domain-containing protein,BKCABM_10785,
group_12,,Transglycosylase SLT domain-containing protein,BKCABM_11240,
group_11,,Glutaminase-asparaginase,,GAHHJF_01875
group_10,,hypothetical protein,BKCABM_04635,
group_9,,Methionine ABC transporter ATP-binding protein,,GAHHJF_01775
group_8,,UDP-3-O-acylglucosamine N-acyltransferase,BKCABM_10665,
group_7,,HTH tetR-type domain-containing protein,BKCABM_05160,
group_6,,hypothetical protein,BKCABM_11315,
ruvC,ruvC,crossover junction endodeoxyribonuclease RuvC,,GAHHJF_01475
group_5,,Lipoprotein,BKCABM_04960,
lpxD,lpxD,UDP-3-O-(3-hydroxymyristoyl)glucosamine N-acyltransferase,,GAHHJF_02350
group_4,,histidine kinase,,GAHHJF_11140
group_3,,hypothetical protein,,GAHHJF_04530
group_2,,Transcriptional regulator,,GAHHJF_01405
group_1,alr,alanine racemase,BKCABM_11030,
coq7,coq7,2-polyprenyl-3-methyl-6-methoxy-14-benzoquinone monooxygenase,BKCABM_10835,
hemE,hemE,uroporphyrinogen decarboxylase,BKCABM_05125,
group_0,,DUF490 domain-containing protein,BKCABM_10820,
alr,alr,alanine racemase,,GAHHJF_04565
